Description,Quantity_Sold,Revenue
DOTCOM POSTAGE,706,206248.77
REGENCY CAKESTAND 3 TIER,13879,174484.74
"PAPER CRAFT , LITTLE BIRDIE",80995,168469.6
WHITE HANGING HEART T-LIGHT HOLDER,37891,106292.77
PARTY BUNTING,18295,99504.33
JUMBO BAG RED RETROSPOT,48474,94340.05
MEDIUM CERAMIC TOP STORAGE JAR,78033,81700.92000000001
Manual,7225,78112.82
POSTAGE,3150,78101.88
RABBIT NIGHT LIGHT,30788,66964.99
PAPER CHAIN KIT 50'S CHRISTMAS ,19355,64952.29
ASSORTED COLOUR BIRD ORNAMENT,36461,59094.93
CHILLI LIGHTS,10306,54117.76
SPOTTY BUNTING,8327,42548.130000000005
JUMBO BAG PINK POLKADOT,21465,42436.24
BLACK RECORD COVER FRAME,11656,40652.13
PICNIC BASKET WICKER 60 PIECES,61,39619.5
DOORMAT KEEP CALM AND COME IN,5491,38166.64
SET OF 3 CAKE TINS PANTRY DESIGN ,7493,38158.39
JAM MAKING SET WITH JARS,8706,37128.88
WOOD BLACK BOARD ANT WHITE FINISH,6020,36030.22
LUNCH BAG RED RETROSPOT,19353,35752.01
POPCORN HOLDER,36761,34298.87
VICTORIAN GLASS HANGING T-LIGHT,24304,33187.97
HOT WATER BOTTLE TEA AND SYMPATHY,5747,33002.590000000004
PAPER CHAIN KIT VINTAGE CHRISTMAS,10604,32873.340000000004
CHOCOLATE HOT WATER BOTTLE,6025,32866.18
JUMBO BAG STRAWBERRY,17319,32802.53
HEART OF WICKER SMALL,17971,32107.8
SET OF 3 REGENCY CAKE TINS,6357,31177.95
JUMBO STORAGE BAG SUKI,13654,30770.12
ALARM CLOCK BAKELIKE RED ,7815,30701.12
JUMBO BAG APPLES,14920,30475.65
HEART OF WICKER LARGE,9901,30139.41
CHARLOTTE BAG SUKI DESIGN,18152,29277.95
ROSES REGENCY TEACUP AND SAUCER ,9877,29095.27
HOT WATER BOTTLE KEEP CALM,5841,28842.550000000003
JUMBO SHOPPER VINTAGE RED PAISLEY,12602,28634.95
NATURAL SLATE HEART CHALKBOARD ,9172,28147.960000000003
JUMBO  BAG BAROQUE BLACK WHITE,13922,28092.2
DOORMAT RED RETROSPOT,4092,28082.54
JUMBO BAG ALPHABET,13379,27890.170000000002
ALARM CLOCK BAKELIKE GREEN,6430,27196.53
ROTATING SILVER ANGELS T-LIGHT HLDR,9476,26463.829999999998
RED  HARMONICA IN BOX ,21933,26331.58
RECIPE BOX PANTRY YELLOW DESIGN,8276,26240.600000000002
GIN + TONIC DIET METAL SIGN,11727,25836.57
SPACEBOY LUNCH BOX ,14260,25740.469999999998
JAM MAKING SET PRINTED,16412,25660.98
DOORMAT UNION FLAG,3762,25609.6
PLEASE ONE PERSON METAL SIGN,12305,25290.58
REGENCY TEAPOT ROSES ,2770,24918.93
VINTAGE UNION JACK BUNTING,2789,24542.83
JUMBO BAG VINTAGE DOILY ,11464,24522.36
SCOTTIE DOG HOT WATER BOTTLE,4666,24509.84
SET OF 6 SPICE TINS PANTRY DESIGN,5978,24483.66
ROUND SNACK BOXES SET OF4 WOODLAND ,8560,24438.620000000003
DOORMAT NEW ENGLAND,3830,24292.84
BAKING SET 9 PIECE RETROSPOT ,4948,24239.72
RED TOADSTOOL LED NIGHT LIGHT,14009,23932.98
DOORMAT FAIRY CAKE,3617,23888.81
JUMBO BAG 50'S CHRISTMAS ,10306,23815.75
EDWARDIAN PARASOL NATURAL,4081,23761.77
SET OF TEA COFFEE SUGAR TINS PANTRY,4805,23514.170000000002
CREAM HEART CARD HOLDER,8291,23463.47
RED HANGING HEART T-LIGHT HOLDER,7882,23228.74
JUMBO BAG PINK VINTAGE PAISLEY,11007,23181.14
WOODEN PICTURE FRAME WHITE FINISH,9006,23113.260000000002
JUMBO BAG OWLS,11444,23030.96
VINTAGE UNION JACK MEMOBOARD,3272,23010.09
RETROSPOT TEA SET CERAMIC 11 PC ,4527,22912.81
GREEN REGENCY TEACUP AND SAUCER,7302,22826.3
PAPER BUNTING RETROSPOT,7564,22790.960000000003
CREAM SWEETHEART MINI CHEST,1793,22708.95
LUNCH BAG  BLACK SKULL.,12240,22421.21
RED WOOLLY HOTTIE WHITE HEART.,4765,22144.98
DOORMAT HEARTS,3419,22138.57
JUMBO BAG WOODLAND ANIMALS,9773,22092.42
JUMBO BAG VINTAGE LEAF,10962,21852.81
WOODEN FRAME ANTIQUE WHITE ,7013,21852.390000000003
RED RETROSPOT CHARLOTTE BAG,17765,21776.79
LUNCH BAG CARS BLUE,11817,21750.63
DOLLY GIRL LUNCH BOX,11793,21635.14
DOORMAT FANCY FONT HOME SWEET HOME,3246,21601.69
RED RETROSPOT CAKE STAND,2013,21365.25
PACK OF 72 RETROSPOT CAKE CASES,36419,21259.100000000002
COOK WITH WINE METAL SIGN ,10364,20957.64
LUNCH BAG APPLE DESIGN,12183,20911.98
LUNCH BOX I LOVE LONDON,11523,20818.7
ALARM CLOCK BAKELIKE PINK,5364,20702.15
WHITE SKULL HOT WATER BOTTLE ,3918,20594.45
ANTIQUE SILVER T-LIGHT GLASS,14688,19411.62
PICNIC BASKET WICKER LARGE,1604,19322.16
ROUND SNACK BOXES SET OF 4 FRUITS ,6847,19130.37
GUMBALL COAT RACK,7962,18890.47
HOMEMADE JAM SCENTED CANDLES,12532,18788.55
LUNCH BAG SUKI DESIGN ,10332,18750.579999999998
ASSORTED COLOURS SILK FAN,23826,18569.84
LUNCH BAG WOODLAND,9933,18323.38
LUNCH BAG SPACEBOY DESIGN ,10464,18092.36
FAIRY CAKE FLANNEL ASSORTED COLOUR,10253,18069.280000000002
HOT WATER BOTTLE I AM SO POORLY,3474,18055.11
GROW A FLYTRAP OR SUNFLOWER IN TIN,16244,17927.45
HAND WARMER OWL DESIGN,8498,17910.030000000002
RETROSPOT HEART HOT WATER BOTTLE,3533,17708.53
SET/5 RED RETROSPOT LID GLASS BOWLS,6084,17655.8
PINK REGENCY TEACUP AND SAUCER,5824,17551.760000000002
LUNCH BAG PINK POLKADOT,10515,17435.19
JUMBO BAG DOILEY PATTERNS,8895,17272.85
JUMBO BAG SCANDINAVIAN BLUE PAISLEY,8414,17245.93
6 RIBBONS RUSTIC CHARM,9183,17205.37
JUMBO BAG SPACEBOY DESIGN,8671,17081.86
COLOUR GLASS. STAR T-LIGHT HOLDER,5737,17073.65
SMALL POPCORN HOLDER,20160,17055.149999999998
HOME BUILDING BLOCK WORD,2780,17049.920000000002
HOT BATHS METAL SIGN,7306,17047.06
MINI PAINT SET VINTAGE ,26633,16937.82
EDWARDIAN PARASOL BLACK,2931,16915.72
CHILDRENS CUTLERY POLKADOT PINK,3953,16874.27
WOODLAND CHARLOTTE BAG,13308,16759.75
IVORY KITCHEN SCALES,1901,16528.31
SET OF 4 PANTRY JELLY MOULDS,12672,16507.23
HANGING HEART JAR T-LIGHT HOLDER,12512,16477.53
SET/4 WHITE RETRO STORAGE CUBES ,415,16363.300000000001
GARDENERS KNEELING PAD KEEP CALM ,8825,16357.05
KNITTED UNION FLAG HOT WATER BOTTLE,3323,16164.04
HAND OVER THE CHOCOLATE   SIGN ,8272,15983.330000000002
VINTAGE CHRISTMAS BUNTING,2997,15833.310000000001
RECYCLING BAG RETROSPOT ,6910,15636.99
WOOD 2 DRAWER CABINET WHITE FINISH,2403,15240.07
PAPER CHAIN KIT EMPIRE,5189,15122.970000000001
SET 7 BABUSHKA NESTING BOXES,1790,14453.470000000001
HAND WARMER SCOTTY DOG DESIGN,6632,14410.62
BREAD BIN DINER STYLE IVORY,901,14329.539999999999
DOORMAT ENGLISH ROSE ,2038,14324.0
JUMBO BAG PEARS,7071,14197.28
MEMO BOARD RETROSPOT  DESIGN,2960,14193.35
PAPER CHAIN KIT RETROSPOT,4658,14159.54
RED KITCHEN SCALES,1627,14141.7
STRAWBERRY CERAMIC TRINKET BOX,10483,14130.08
HAND WARMER BIRD DESIGN,6441,14078.69
JUMBO STORAGE BAG SKULLS,6450,14031.16
JUMBO BAG VINTAGE CHRISTMAS ,6081,13978.95
BOX OF VINTAGE ALPHABET BLOCKS,1342,13931.31
WORLD WAR 2 GLIDERS ASSTD DESIGNS,55047,13841.849999999999
PINK BLUE FELT CRAFT TRINKET BOX,11001,13838.1
CHRISTMAS LIGHTS 10 REINDEER,1672,13812.92
AMAZON FEE,2,13761.09
3 HOOK PHOTO SHELF ANTIQUE WHITE,1811,13746.11
DOUGHNUT LIP GLOSS ,10415,13720.77
PLASTERS IN TIN SPACEBOY,8082,13615.31
DOORMAT SPOTTY HOME SWEET HOME,1757,13612.41
LOVE HOT WATER BOTTLE,2386,13494.970000000001
LUNCH BAG ALPHABET DESIGN,7851,13360.2
CLOTHES PEGS RETROSPOT PACK 24 ,8689,13346.039999999999
PLASTERS IN TIN WOODLAND ANIMALS,7813,13344.769999999999
SET OF 10 LED DOLLY LIGHTS,2221,13303.019999999999
SET 6 SCHOOL MILK BOTTLES IN CRATE,2845,13284.49
TEA TIME PARTY BUNTING,2581,12941.27
GREY HEART HOT WATER BOTTLE,3231,12805.33
WOODEN UNION JACK BUNTING,2091,12792.25
ENAMEL FLOWER JUG CREAM,2110,12671.060000000001
RED RETROSPOT MINI CASES,1748,12642.93
ASSORTED COLOUR MINI CASES,1770,12614.17
CHILDRENS CUTLERY RETROSPOT RED ,2907,12604.23
LOVE BUILDING BLOCK WORD,2034,12572.710000000001
WOODEN ROUNDERS GARDEN SET ,1331,12571.369999999999
STRAWBERRY CHARLOTTE BAG,9798,12552.4
VINTAGE SNAP CARDS,14528,12515.96
BLACK HEART CARD HOLDER,4871,12487.17
FELTCRAFT CUSHION OWL,3380,12440.14
ENAMEL BREAD BIN CREAM,875,12383.83
FELTCRAFT 6 FLOWER FRIENDS,6078,12373.880000000001
CHILDRENS CUTLERY POLKADOT BLUE,2848,12371.12
REGENCY SUGAR BOWL GREEN,3057,12350.73
PACK OF 60 PINK PAISLEY CAKE CASES,24854,12245.02
PINK HAPPY BIRTHDAY BUNTING,2339,12201.400000000001
DOORMAT WELCOME PUPPIES,2065,12114.97
FELTCRAFT DOLL MOLLY,4514,12016.34
IVORY DINER WALL CLOCK,1452,11971.15
3 HEARTS HANGING DECORATION RUSTIC,3463,11944.880000000001
WOOD S/3 CABINET ANT WHITE FINISH,1408,11937.68
SET/3 RED GINGHAM ROSE STORAGE BOX,3040,11928.45
PAPER BUNTING WHITE LACE,4089,11893.230000000001
RED DINER WALL CLOCK,1403,11882.57
GARDENERS KNEELING PAD CUP OF TEA ,6827,11815.689999999999
PICNIC BASKET WICKER SMALL,1879,11807.12
RED RETROSPOT PICNIC BAG,3987,11671.09
JUMBO BAG PAISLEY PARK,5035,11613.03
DOORMAT WELCOME TO OUR HOME,1524,11555.56
RED RETROSPOT ROUND CAKE TINS,1089,11532.39
ALARM CLOCK BAKELIKE IVORY,2892,11479.65
FAWN BLUE HOT WATER BOTTLE,3313,11466.37
CHARLOTTE BAG PINK POLKADOT,9719,11420.289999999999
"SET 3 RETROSPOT TEA,COFFEE,SUGAR",2133,11407.56
"RECORD FRAME 7"" SINGLE SIZE ",4374,11354.56
CLASSIC METAL BIRDCAGE PLANT HOLDER,978,11338.27
SET/20 RED RETROSPOT PAPER NAPKINS ,13210,11319.36
RED RETROSPOT UMBRELLA,1940,11295.01
WOODEN CROQUET GARDEN SET,782,11276.21
FELTCRAFT CUSHION RABBIT,3092,11227.47
REGENCY TEA PLATE ROSES ,6869,11117.05
METAL SIGN TAKE IT OR LEAVE IT ,3777,11104.79
LUNCH BAG DOLLY GIRL DESIGN,6724,11090.58
Adjust bad debt,1,11062.06
JUMBO BAG TOYS ,5007,11014.62
SOLDIERS EGG CUP ,9137,10938.31
15CM CHRISTMAS GLASS BALL 20 LIGHTS,1359,10910.61
LUNCH BAG VINTAGE DOILY ,6562,10820.1
BAKING SET SPACEBOY DESIGN,2209,10745.050000000001
BREAD BIN DINER STYLE RED ,665,10676.619999999999
SET OF 6 RIBBONS VINTAGE CHRISTMAS,3265,10621.6
VINTAGE HEADS AND TAILS CARD GAME ,7889,10535.65
TRADITIONAL WOODEN SKIPPING ROPE,8145,10526.0
COLOUR GLASS T-LIGHT HOLDER HANGING,16449,10518.25
LUNCH BAG DOILEY PATTERN ,6556,10510.44
BLUE HAPPY BIRTHDAY BUNTING,1992,10502.650000000001
LUNCH BAG VINTAGE LEAF DESIGN,6342,10498.01
REVOLVER WOODEN RULER ,5236,10379.84
FAMILY ALBUM WHITE PICTURE FRAME,1198,10354.26
BLUE HARMONICA IN BOX ,7879,10343.56
ANTIQUE SILVER TEA GLASS ENGRAVED,8706,10297.27
DOORMAT BLACK FLOCK ,1817,10278.06
VINTAGE DOILY JUMBO BAG RED ,4815,10233.45
LONDON BUS COFFEE MUG,4367,10224.75
NO SINGING METAL SIGN,4789,10195.86
FELTCRAFT CUSHION BUTTERFLY,2765,10133.33
RED SPOTTY BISCUIT TIN,2433,10116.49
PLASTERS IN TIN CIRCUS PARADE ,6118,10070.109999999999
HAND WARMER UNION JACK,4867,10057.320000000002
TRADITIONAL KNITTING NANCY,6150,10056.949999999999
REGENCY TEA PLATE GREEN ,6247,10051.99
EDWARDIAN PARASOL RED,1710,10021.42
ICE CREAM SUNDAE LIP GLOSS,8100,9965.76
T-LIGHT GLASS FLUTED ANTIQUE,8027,9963.880000000001
DOORMAT HOME SWEET HOME BLUE ,1621,9959.6
SET OF 6 SOLDIER SKITTLES,2487,9921.29
DELUXE SEWING KIT ,1412,9898.95
PLASTERS IN TIN STRONGMAN,6023,9863.279999999999
PHOTO FRAME CORNICE,3297,9843.59
SMALL GLASS HEART TRINKET POT,4252,9811.58
3 TIER CAKE TIN RED AND CREAM,689,9765.11
SET OF 4 KNICK KNACK TINS DOILY ,2360,9759.68
WOODEN SCHOOL COLOURING SET,5888,9749.82
STRAWBERRY LUNCH BOX WITH CUTLERY,3938,9748.13
SWEETHEART CAKESTAND 3 TIER,959,9697.25
VINTAGE CREAM DOG FOOD CONTAINER,1006,9686.82
CHRISTMAS CRAFT LITTLE FRIENDS,4082,9681.18
TRADITIONAL MODELLING CLAY,8168,9602.32
REGENCY MILK JUG PINK ,3164,9600.15
PANTRY ROLLING PIN,2465,9568.73
NATURAL SLATE CHALKBOARD LARGE ,1731,9554.470000000001
ZINC FOLKART SLEIGH BELLS,5070,9546.53
60 CAKE CASES VINTAGE CHRISTMAS,16055,9511.52
POTTERING IN THE SHED METAL SIGN,4179,9413.82
SET OF 20 KIDS COOKIE CUTTERS,4321,9404.150000000001
LADIES & GENTLEMEN METAL SIGN,4039,9388.53
RED RETROSPOT PEG BAG,3157,9301.4
BOX OF 6 MINI 50'S CRACKERS,3739,9266.84
FELTCRAFT PRINCESS CHARLOTTE DOLL,2375,9264.91
GINGERBREAD MAN COOKIE CUTTER,7448,9212.15
60 TEATIME FAIRY CAKE CASES,18214,9183.720000000001
BOX OF 6 MINI VINTAGE CRACKERS,3811,9167.390000000001
PINK CREAM FELT CRAFT TRINKET BOX ,7362,9159.31
RED METAL BOX TOP SECRET,1079,9158.87
DOORMAT MULTICOLOUR STRIPE,1492,9088.63
ALARM CLOCK BAKELIKE ORANGE,2326,9080.2
CLEAR DRAWER KNOB ACRYLIC EDWARDIAN,6635,9050.44
SET OF 3 NOTEBOOKS IN PARCEL,5445,9043.939999999999
SET 2 PANTRY DESIGN TEA TOWELS,2815,9012.27
HAND WARMER RED LOVE HEART,4027,8941.61
LARGE WHITE HEART OF WICKER,3085,8925.410000000002
AREA PATROLLED METAL SIGN,4367,8862.990000000002
WOODEN BOX OF DOMINOES,6402,8862.29
HAND WARMER RED RETROSPOT,4354,8770.43
MULTI COLOUR SILVER T-LIGHT HOLDER,10557,8754.63
WOODEN ADVENT CALENDAR RED,746,8714.24
FELTCRAFT BUTTERFLY HEARTS,6230,8626.939999999999
TRAVEL SEWING KIT,5096,8620.32
SWEETHEART RECIPE BOOK STAND,1212,8578.0
SET 6 PAPER TABLE LANTERN HEARTS ,2333,8577.51
HANGING JAM JAR T-LIGHT HOLDER,10792,8560.84
ICE CREAM PEN LIP GLOSS ,6831,8553.34
SET/2 RED RETROSPOT TEA TOWELS ,2603,8549.85
SET OF 3 HEART COOKIE CUTTERS,6350,8540.9
CHICK GREY HOT WATER BOTTLE,1881,8535.52
CHILDRENS CUTLERY SPACEBOY ,2079,8525.970000000001
VINTAGE DOILY TRAVEL SEWING KIT,3970,8509.68
SMALL WHITE HEART OF WICKER,4737,8473.269999999999
PACK OF 72 SKULL CAKE CASES,15176,8418.44
SET OF 72 RETROSPOT PAPER  DOILIES,5812,8374.189999999999
FAMILY PHOTO FRAME CORNICE,868,8268.539999999999
GRAND CHOCOLATECANDLE,5978,8225.0
BLUE DINER WALL CLOCK,954,8189.29
HANGING HEART ZINC T-LIGHT HOLDER,9143,8168.9
ALARM CLOCK BAKELIKE CHOCOLATE,1984,8168.6
SET OF 3 BUTTERFLY COOKIE CUTTERS,5805,8161.46
VINTAGE RED KITCHEN CABINET,60,8125.0
RECIPE BOX RETROSPOT ,2901,8101.150000000001
 SET 2 TEA TOWELS I LOVE LONDON ,2789,8100.05
WHITE METAL LANTERN,1880,8056.5199999999995
SET OF 20 VINTAGE CHRISTMAS NAPKINS,8987,8050.53
SET/10 RED POLKADOT PARTY CANDLES,6634,8033.85
PACK OF 12 LONDON TISSUES ,26135,7980.92
FELTCRAFT CHRISTMAS FAIRY,1930,7954.0
OPEN CLOSED METAL SIGN,1641,7938.780000000001
WHITE WOOD GARDEN PLANT LADDER,785,7919.23
LUNCH BOX WITH CUTLERY RETROSPOT ,3093,7873.719999999999
ROSE COTTAGE KEEPSAKE BOX ,795,7861.93
PAINTED METAL PEARS ASSORTED,4709,7830.32
SET OF 4 KNICK KNACK TINS LONDON ,1862,7825.56
PLASTERS IN TIN VINTAGE PAISLEY ,4721,7777.089999999999
METAL 4 HOOK HANGER FRENCH CHATEAU,2446,7773.7
 SPACEBOY BABY GIFT SET,499,7758.699999999999
CHOCOLATE THIS WAY METAL SIGN,3773,7756.420000000001
CHARLOTTE BAG APPLES DESIGN,7976,7741.94
DOORMAT 3 SMILEY CATS,1175,7732.929999999999
CHILDRENS CUTLERY POLKADOT GREEN ,1829,7701.71
VICTORIAN SEWING BOX LARGE,532,7674.799999999999
CREAM CUPID HEARTS COAT HANGER,2016,7657.320000000001
SILVER HANGING T-LIGHT HOLDER,4801,7642.44
SWEETHEART CERAMIC TRINKET BOX,6063,7628.530000000001
GIRAFFE WOODEN RULER,3889,7608.79
DOORMAT UNION JACK GUNS AND ROSES,1230,7597.02
FELTCRAFT PRINCESS LOLA DOLL,2020,7563.08
PACK OF 6 BIRDY GIFT TAGS,6232,7561.64
MINT KITCHEN SCALES,855,7547.39
RED STRIPE CERAMIC DRAWER KNOB,5528,7527.66
CHILDRENS APRON SPACEBOY DESIGN,3755,7520.28
TOY TIDY PINK POLKADOT,3441,7437.9400000000005
ZINC METAL HEART DECORATION,5944,7426.82
FUNKY DIVA PEN,8547,7363.86
BOX OF 6 CHRISTMAS CAKE DECORATIONS,1875,7356.18
ENGLISH ROSE HOT WATER BOTTLE,1614,7330.7
YOU'RE CONFUSING ME METAL SIGN ,4424,7320.36
SET 6 PAPER TABLE LANTERN STARS ,1933,7254.650000000001
SET OF 4 KNICK KNACK TINS DOILEY ,1820,7252.9400000000005
RED FLORAL FELTCRAFT SHOULDER BAG,1962,7236.93
CIRCUS PARADE LUNCH BOX ,3681,7207.37
CHILDS BREAKFAST SET SPACEBOY ,766,7191.15
SET OF 2 WOODEN MARKET CRATES,526,7190.349999999999
PLASTERS IN TIN SKULLS,4269,7176.669999999999
TRIPLE PHOTO FRAME CORNICE ,774,7173.549999999999
RAIN PONCHO RETROSPOT,8878,7163.65
HAND WARMER BABUSHKA DESIGN,4970,7136.2300000000005
BLUE STRIPE CERAMIC DRAWER KNOB,5285,7136.0
PIGGY BANK RETROSPOT ,2764,7121.38
VICTORIAN SEWING BOX SMALL ,1184,7106.950000000001
MEMO BOARD COTTAGE DESIGN,1461,7104.22
GIANT 50'S CHRISTMAS CRACKER,2668,7072.16
VINTAGE SNAKES & LADDERS,1790,7062.7
36 DOILIES VINTAGE CHRISTMAS,5172,7061.73
JUMBO BAG DOLLY GIRL DESIGN,3420,7053.28
CARRIAGE,142,7051.0
RETROSPOT PARTY BAG + STICKER SET,4494,7047.24
WOODEN ADVENT CALENDAR CREAM,454,7047.17
JINGLE BELL HEART ANTIQUE SILVER,3567,7044.64
3 TIER CAKE TIN GREEN AND CREAM,447,7011.57
SET OF 12 FAIRY CAKE BAKING CASES,8486,7001.99
PICTURE FRAME WOOD TRIPLE PORTRAIT,1068,6977.6
UNION STRIPE WITH FRINGE  HAMMOCK,899,6952.31
HOME SWEET HOME MUG,5418,6942.33
BEWARE OF THE CAT METAL SIGN ,4156,6939.08
SET/6 RED SPOTTY PAPER PLATES,8758,6933.259999999999
FULL ENGLISH BREAKFAST PLATE,1642,6928.65
ROUND CAKE TIN VINTAGE RED,916,6927.64
BLACK/BLUE POLKADOT UMBRELLA,1182,6909.990000000001
VICTORIAN SEWING BOX MEDIUM,689,6909.37
HEART FILIGREE DOVE  SMALL,5534,6901.33
AGED GLASS SILVER T-LIGHT HOLDER,10583,6890.47
SET 2 TEA TOWELS I LOVE LONDON ,2130,6875.88
ADVENT CALENDAR GINGHAM SACK,1313,6860.09
SINGLE HEART ZINC T-LIGHT HOLDER,6266,6831.75
LARGE CIRCULAR MIRROR MOBILE,7114,6827.98
WHITE SPOT RED CERAMIC DRAWER KNOB,5022,6815.9
SET 40 HEART SHAPE PETIT FOUR CASES,4303,6792.23
4 TRADITIONAL SPINNING TOPS,4894,6789.46
CHRISTMAS LIGHTS 10 VINTAGE BAUBLES,1361,6785.17
CHILDRENS CUTLERY DOLLY GIRL ,1674,6782.76
WALL ART CLASSIC PUDDINGS ,864,6762.71
DOLLY GIRL BABY GIFT SET,435,6753.509999999999
PINK FAIRY CAKE CHILDRENS APRON,3345,6732.49
MINI LIGHTS WOODLAND MUSHROOMS,1800,6726.64
BISCUIT TIN 50'S CHRISTMAS,2206,6715.93
PINK BABY BUNTING,2190,6710.42
RETROSPOT LARGE MILK JUG,1361,6701.22
SAVE THE PLANET MUG,5454,6681.21
SET OF 72 PINK HEART PAPER DOILIES,4312,6672.7
BINGO SET,1690,6667.04
RED RETROSPOT SHOPPER BAG,4776,6613.04
72 SWEETHEART FAIRY CAKE CASES,13360,6555.33
VINTAGE DONKEY TAIL GAME ,1815,6550.17
DOORSTOP RETROSPOT HEART,1599,6544.63
3 DRAWER ANTIQUE WHITE WOOD CABINET,742,6529.54
SET/10 PINK POLKADOT PARTY CANDLES,5331,6496.04
RED 3 PIECE RETROSPOT CUTLERY SET,1671,6494.66
VINTAGE CHRISTMAS STOCKING ,2390,6488.2
ANTIQUE SILVER TEA GLASS ETCHED,4558,6478.01
CHRISTMAS CRAFT TREE TOP ANGEL,2796,6474.290000000001
JINGLE BELL HEART DECORATION,3828,6472.36
CANDLEHOLDER PINK HANGING HEART,2262,6471.240000000001
LANDMARK FRAME CAMDEN TOWN ,569,6457.15
RED RETROSPOT BOWL,5076,6441.06
TRADITIONAL NAUGHTS & CROSSES,2859,6436.61
LARGE ZINC HEART WALL ORGANISER,1065,6431.110000000001
CHILDS BREAKFAST SET DOLLY GIRL ,682,6422.28
LANTERN CREAM GAZEBO ,1281,6405.54
PANTRY WASHING UP BRUSH,4097,6401.969999999999
SET OF 60 PANTRY DESIGN CAKE CASES ,12063,6379.59
REGENCY TEA PLATE PINK,3871,6360.909999999999
COFFEE MUG APPLES DESIGN,2822,6353.55
SET OF 2 TEA TOWELS APPLE AND PEARS,2063,6349.95
PLACE SETTING WHITE HEART,15150,6332.29
RED RETROSPOT OVEN GLOVE ,4035,6321.76
WOODEN HAPPY BIRTHDAY GARLAND,2168,6316.360000000001
SUKI  SHOULDER BAG,3393,6298.61
LOVE SEAT ANTIQUE WHITE METAL,58,6210.0
CLASSIC GLASS COOKIE JAR,1439,6191.6900000000005
BUNDLE OF 3 ALPHABET EXERCISE BOOKS,3533,6142.289999999999
BLUE SPOT CERAMIC DRAWER KNOB,4370,6141.29
PACK OF 60 DINOSAUR CAKE CASES,12340,6117.910000000001
PARISIENNE JEWELLERY DRAWER ,813,6102.18
RETROSPOT CHILDRENS APRON,3171,6093.05
RED SPOT CERAMIC DRAWER KNOB,4421,6078.54
WHITE SPOT BLUE CERAMIC DRAWER KNOB,4395,6071.75
TEA TIME TEA TOWELS ,2600,6045.0
WALL ART STOP FOR TEA ,870,6042.150000000001
BROCADE RING PURSE ,23056,6036.39
DOORMAT AIRMAIL ,800,6034.9
PHOTO CUBE,3239,6013.429999999999
RED RETROSPOT SMALL MILK JUG,2497,6011.51
DOORMAT TOPIARY,904,6009.84
SET OF 6 TEA TIME BAKING CASES,4981,5988.05
WALL ART BICYCLE SAFETY,850,5983.9
VINTAGE CHRISTMAS GIFT SACK,1424,5968.3
SET 3 WICKER OVAL BASKETS W LIDS,463,5961.25
RECYCLED ACAPULCO MAT TURQUOISE,654,5949.34
3 STRIPEY MICE FELTCRAFT,3030,5925.389999999999
SET OF 4 JAM JAR MAGNETS,2732,5907.360000000001
PANTRY CHOPPING BOARD,1154,5868.5
QUEENS GUARD COFFEE MUG,2431,5849.29
BOTANICAL GARDENS WALL CLOCK ,262,5843.92
FRYING PAN UNION FLAG,1334,5837.84
FELTCRAFT PRINCESS OLIVIA DOLL,1566,5812.72
PHOTO FRAME 3 CLASSIC HANGING,584,5807.349999999999
WOODEN OWLS LIGHT GARLAND ,1540,5802.6
POLKADOT PEN,6842,5793.62
DOORMAT RESPECTABLE HOUSE,790,5762.28
SOMBRERO ,4415,5716.85
RED RETROSPOT PLATE ,3376,5704.78
CERAMIC STRAWBERRY CAKE MONEY BANK,4168,5695.7699999999995
PACK OF 20 NAPKINS PANTRY DESIGN,6587,5681.9
PAPER BUNTING COLOURED LACE,1893,5661.05
HOT WATER BOTTLE BABUSHKA ,1166,5625.38
10 COLOUR SPACEBOY PEN,6564,5585.45
NATURAL SLATE RECTANGLE CHALKBOARD,3196,5575.33
SKULL LUNCH BOX WITH CUTLERY ,2138,5568.07
ANTIQUE GLASS DRESSING TABLE POT,1799,5564.25
WALL ART BIG LOVE ,979,5559.11
ENAMEL MEASURING JUG CREAM,1272,5549.68
TREASURE ISLAND BOOK BOX,2535,5528.04
LARGE IVORY HEART WALL ORGANISER,782,5525.4
PINK 3 PIECE POLKADOT CUTLERY SET,1471,5520.02
HANGING METAL HEART LANTERN,3423,5519.419999999999
SET OF 5 LUCKY CAT MAGNETS ,2635,5517.99
LUNCH BAG PAISLEY PARK  ,3395,5513.83
3 PIECE SPACEBOY COOKIE CUTTER SET,2628,5481.09
CALENDAR PAPER CUT DESIGN,1838,5479.06
HEART IVORY TRELLIS SMALL,4171,5468.66
SMALL ZINC HEART WALL ORGANISER,1541,5416.18
RUSTIC  SEVENTEEN DRAWER SIDEBOARD,35,5415.0
CHARLOTTE BAG VINTAGE ALPHABET ,5459,5407.58
PACK OF 6 PANNETONE GIFT BOXES,2100,5405.98
VINTAGE CREAM CAT FOOD CONTAINER,803,5403.28
DOG BOWL CHASING BALL DESIGN,1368,5389.0199999999995
VINTAGE DOILY DELUXE SEWING KIT ,813,5377.81
PARTY METAL SIGN ,3490,5345.88
TRAVEL CARD WALLET KEEP CALM,12490,5314.9
WELCOME  WOODEN BLOCK LETTERS,526,5276.94
HEART IVORY TRELLIS LARGE,3156,5274.119999999999
BOX OF VINTAGE JIGSAW BLOCKS ,939,5248.21
BREAD BIN DINER STYLE PINK,324,5225.4
SMALL IVORY HEART WALL ORGANISER,1034,5219.1
PINK DRAWER KNOB ACRYLIC EDWARDIAN,3869,5211.7
GUMBALL MAGAZINE RACK,622,5198.66
RECIPE BOX BLUE SKETCHBOOK DESIGN,1517,5195.030000000001
SET OF 3 WOODEN HEART DECORATIONS,3893,5184.69
DOORMAT MERRY CHRISTMAS RED ,673,5176.25
CHILDRENS APRON APPLES DESIGN,2426,5174.32
RED RETROSPOT MUG,1848,5170.64
SET OF 6 NATIVITY MAGNETS ,2570,5170.1
SET3 BOOK BOX GREEN GINGHAM FLOWER ,1208,5167.88
HOME SWEET HOME METAL SIGN ,1768,5161.88
LARGE CERAMIC TOP STORAGE JAR,3118,5147.66
REGENCY TEA STRAINER,1412,5143.6900000000005
COFFEE MUG PEARS  DESIGN,2330,5136.84
CERAMIC CAKE STAND + HANGING CAKES,564,5127.24
GINGHAM HEART DECORATION,6152,5125.46
FOOT STOOL HOME SWEET HOME ,489,5097.65
CHRISTMAS TOILET ROLL,3731,5093.76
AIRLINE BAG VINTAGE TOKYO 78,1091,5093.57
BATH BUILDING BLOCK WORD,823,5089.56
BISCUIT TIN VINTAGE CHRISTMAS,1725,5088.45
FELTCRAFT GIRL AMELIE KIT,1012,5083.89
SET OF 12 MINI LOAF BAKING CASES,6140,5078.429999999999
PANTRY MAGNETIC  SHOPPING LIST,3346,5068.4
PACK OF SIX LED TEA LIGHTS,1766,5048.72
LIGHT GARLAND BUTTERFILES PINK,1346,5044.34
VINTAGE CHRISTMAS TABLECLOTH,409,5037.96
COFFEE MUG CAT + BIRD DESIGN,2225,5031.83
I'M ON HOLIDAY METAL SIGN,2373,5031.38
SET 3 PAPER VINTAGE CHICK PAPER EGG,1778,5023.5
FELTCRAFT DOLL ROSIE,1706,5022.1
VINYL RECORD FRAME SILVER,1339,5010.69
CHILDS BREAKFAST SET CIRCUS PARADE,595,5009.56
WALL ART KEEP CALM ,968,5003.040000000001
SCANDINAVIAN PAISLEY PICNIC BAG,2724,5001.98
BREAD BIN DINER STYLE MINT,321,5001.83
BUBBLEGUM RING ASSORTED,12050,4997.28
LANDMARK FRAME COVENT GARDEN ,439,4974.51
PINK VINTAGE PAISLEY PICNIC BAG,2676,4964.03
CHRISTMAS CRAFT WHITE FAIRY ,3250,4950.54
TRADITIONAL PICK UP STICKS GAME ,2782,4944.37
"ASSORTED FLOWER COLOUR ""LEIS""",10315,4934.87
BIRD HOUSE HOT WATER BOTTLE,1173,4914.69
STRAWBERRY   PICNIC BAG,1708,4901.8
POPPY'S PLAYHOUSE KITCHEN,2125,4897.63
CIRCUS PARADE BABY GIFT SET,316,4896.549999999999
ROLL WRAP 50'S CHRISTMAS,3539,4880.65
SET/10 BLUE POLKADOT PARTY CANDLES,4015,4868.05
PLAYING CARDS KEEP CALM & CARRY ON,3646,4864.3
SET/6 RED SPOTTY PAPER CUPS,7137,4861.900000000001
JUMBO BAG CHARLIE AND LOLA TOYS,1933,4853.81
FILIGRIS HEART WITH BUTTERFLY,3906,4851.88
POTTERING MUG,3796,4834.51
LANDMARK FRAME OXFORD STREET,424,4830.53
LANDMARK FRAME NOTTING HILL ,424,4818.07
PICTURE DOMINOES,3189,4799.83
EDWARDIAN PARASOL PINK,811,4779.3
SET OF 5 PANCAKE DAY MAGNETS,2321,4771.76
BULL DOG BOTTLE OPENER,874,4764.5
PINK HEART SHAPE EGG FRYING PAN,3234,4761.78
RED RETROSPOT BUTTER DISH,972,4758.75
5 HOOK HANGER RED MAGIC TOADSTOOL,3099,4753.29
TRADTIONAL ALPHABET STAMP SET,961,4752.31
PINK POLKADOT BOWL,3676,4749.84
BLUE VINTAGE SPOT BEAKER,5048,4747.62
LANDMARK FRAME LONDON BRIDGE ,418,4741.37
36 PENCILS TUBE RED RETROSPOT,3739,4729.9800000000005
SPACEBOY MINI BACKPACK,1109,4726.59
CERAMIC HEART FAIRY CAKE MONEY BANK,2363,4721.73
RIBBON REEL STRIPES DESIGN ,2713,4716.33
TREASURE TIN GYMKHANA DESIGN,2184,4709.07
ABC TREASURE BOOK BOX ,2167,4697.58
WASHROOM METAL SIGN,3016,4680.63
SET OF 3 CAKE TINS SKETCHBOOK,1022,4678.71
POPPY'S PLAYHOUSE BEDROOM ,2029,4678.59
CABIN BAG VINTAGE RETROSPOT,247,4674.62
WOODEN SKITTLES GARDEN SET,315,4670.36
TRADITIONAL CHRISTMAS RIBBONS,3249,4660.2
PINK PARTY BAGS,2456,4649.5
HEART FILIGREE DOVE LARGE,2807,4643.669999999999
PICNIC BOXES SET OF 3 RETROSPOT ,966,4625.860000000001
PURPLE DRAWERKNOB ACRYLIC EDWARDIAN,3227,4621.87
CAMOUFLAGE LED TORCH,2726,4594.43
PINK VINTAGE SPOT BEAKER,4807,4572.41
PACK OF 60 SPACEBOY CAKE CASES,8426,4566.54
HOME SWEET HOME BLACKBOARD,1011,4561.76
SET OF 3 HANGING OWLS OLLIE BEAK,3749,4557.97
LAUNDRY 15C METAL SIGN,2918,4542.889999999999
12 PENCILS SMALL TUBE SKULL,6983,4531.9800000000005
SET OF 60 I LOVE LONDON CAKE CASES ,8332,4527.2
REGENCY SUGAR TONGS,1832,4515.22
PARISIENNE CURIO CABINET,547,4514.58
BLUE 3 PIECE POLKADOT CUTLERY SET,1220,4504.5
CUPCAKE LACE PAPER SET 6,2367,4488.63
SKULL SHOULDER BAG,2421,4480.28
SMALL CERAMIC TOP STORAGE JAR ,5847,4476.009999999999
SET OF 36 TEATIME PAPER DOILIES,3053,4474.07
PHARMACIE FIRST AID TIN,581,4470.8099999999995
CHRISTMAS LIGHTS 10 SANTAS ,609,4469.04
PAPER BUNTING VINTAGE PAISLEY,1424,4460.38
GREEN VINTAGE SPOT BEAKER,4625,4444.2300000000005
WALL ART ONLY ONE PERSON ,1056,4436.27
BLACK KITCHEN SCALES,520,4427.36
12 PENCILS SMALL TUBE RED RETROSPOT,6640,4387.820000000001
ROLL WRAP VINTAGE CHRISTMAS,3231,4355.1
ROUND SNACK BOXES SET OF 4 SKULLS,1178,4336.7
SMALL CHINESE STYLE SCISSOR,13328,4335.76
BOX OF 24 COCKTAIL PARASOLS,7908,4329.48
CHILDREN'S APRON DOLLY GIRL ,2070,4328.530000000001
RED RETROSPOT WRAP ,10551,4322.42
TRADITIONAL WOODEN CATCH CUP GAME ,3196,4322.16
CLASSIC CAFE SUGAR DISPENSER,3076,4312.6
RECYCLED ACAPULCO MAT GREEN,497,4286.55
SET OF 6 HERB TINS SKETCHBOOK,1169,4282.570000000001
WICKER STAR ,1846,4260.12
PINK FLORAL FELTCRAFT SHOULDER BAG,1117,4235.88
CHARLOTTE BAG DOLLY GIRL DESIGN,5214,4231.95
LARGE CAKE STAND  HANGING STRAWBERY,583,4228.01
GLASS BON BON JAR,2355,4217.73
ANTIQUE GLASS PEDESTAL BOWL,1030,4215.14
GLASS APOTHECARY BOTTLE PERFUME,1074,4208.96
ZINC T-LIGHT HOLDER STARS SMALL,5089,4197.83
HOLIDAY FUN LUDO,1162,4194.89
SET OF 4 ENGLISH ROSE PLACEMATS,1000,4193.12
RED RETROSPOT CHILDRENS UMBRELLA,1241,4190.83
PACK 3 BOXES BIRD PANNETONE ,2168,4188.94
PARISIENNE KEY CABINET ,702,4158.68
VINTAGE CREAM 3 BASKET CAKE STAND,410,4155.34
SCANDINAVIAN REDS RIBBONS,2975,4151.82
GIN AND TONIC MUG,2981,4149.929999999999
STRAWBERRY FAIRY CAKE TEAPOT,798,4147.7300000000005
ANTIQUE HEART SHELF UNIT,275,4145.47
CHRISTMAS STAR WISH LIST CHALKBOARD,3502,4142.92
DOORMAT VINTAGE LEAF,564,4122.2
ROUND CAKE TIN VINTAGE GREEN,530,4109.72
CHILDRENS CUTLERY CIRCUS PARADE,1015,4101.37
BUFFALO BILL TREASURE BOOK BOX,1930,4097.28
I LOVE LONDON BABY GIFT SET,263,4082.5199999999995
WOODEN HEART CHRISTMAS SCANDINAVIAN,10610,4075.9399999999996
PACK OF 12 TRADITIONAL CRAYONS,9721,4072.97
VINTAGE CHRISTMAS CAKE FRILL,2512,4053.8799999999997
OWL DOORSTOP,695,4051.79
BAG 250g SWIRLY MARBLES,5144,4039.2799999999997
LOVEBIRD HANGING DECORATION WHITE ,4138,4037.9799999999996
SET/6 PINK  BUTTERFLY T-LIGHTS,2098,4012.05
60 CAKE CASES DOLLY GIRL DESIGN,7518,4010.55
WATERING CAN BLUE ELEPHANT,2060,4002.6099999999997
NOVELTY BISCUITS CAKE STAND 3 TIER,391,3999.5699999999997
HEART SHAPED HOLLY WREATH,950,3999.5000000000005
36 FOIL HEART CAKE CASES,2055,3992.5800000000004
PAINT YOUR OWN CANVAS SET,2463,3989.9399999999996
BLUE POLKADOT BOWL,3121,3984.37
SET OF 36 DOILIES PANTRY DESIGN,2741,3983.6
ENCHANTED BIRD COATHANGER 5 HOOK,834,3978.9700000000003
FELTCRAFT DOLL EMILY,1347,3974.1300000000006
FOOD CONTAINER SET 3 LOVE HEART ,2039,3952.19
WALL ART DOG LICENCE ,604,3939.76
LANDMARK FRAME BAKER STREET ,350,3930.27
EASTER CRAFT 4 CHICKS ,1939,3929.15
SET 10 NIGHT OWL LIGHTS,506,3915.48
PANTRY SCRUBBING BRUSH,2366,3914.9599999999996
GREEN METAL BOX ARMY SUPPLIES,468,3914.5
BOYS VINTAGE TIN SEASIDE BUCKET,1441,3913.72
RED RETROSPOT OVEN GLOVE DOUBLE,921,3909.63
JUMBO BAG SCANDINAVIAN PAISLEY,2059,3908.62
RECYCLED ACAPULCO MAT RED,456,3896.84
METAL SIGN HER DINNER IS SERVED ,1320,3896.4500000000003
BICYCLE PUNCTURE REPAIR KIT ,1864,3883.99
CAKE PLATE LOVEBIRD WHITE,1057,3880.2
WOODEN STAR CHRISTMAS SCANDINAVIAN,10462,3877.68
LARGE RED RETROSPOT WINDMILL,1963,3877.09
RIBBON REEL SNOWY VILLAGE,2189,3856.07
PEG BAG APPLES DESIGN,1492,3853.7599999999998
RETRO COFFEE MUGS ASSORTED,2571,3844.81
PARISIENNE SEWING BOX,312,3839.2400000000002
GYMKHANA TREASURE BOOK BOX,1719,3824.5299999999997
BISCUIT TIN VINTAGE RED,589,3823.21
SET OF 6 T-LIGHTS SANTA,1254,3822.5000000000005
LARGE CAKE TOWEL PINK SPOTS,1106,3822.45
ILLUSTRATED CAT BOWL ,1410,3822.1199999999994
LUNCH BAG SUKI  DESIGN ,2220,3791.86
BLUE POLKADOT PLATE ,2282,3789.3199999999997
16 PIECE CUTLERY SET PANTRY DESIGN,254,3785.06
LARGE ANTIQUE WHITE PHOTO FRAME,525,3773.5800000000004
FOOD COVER WITH BEADS SET 2 ,1012,3772.88
SMALL RED RETROSPOT WINDMILL,3075,3766.93
RED RETROSPOT TRADITIONAL TEAPOT ,481,3756.79
COLOURING PENCILS BROWN TUBE,5098,3751.61
STORAGE TIN VINTAGE DOILY ,1288,3751.02
LARGE HEART MEASURING SPOONS,1979,3725.6099999999997
FIRST AID TIN,1161,3722.23
GLASS  BEURRE DISH,881,3721.63
TOILET SIGN OCCUPIED OR VACANT,3777,3718.0899999999997
CINDERELLA CHANDELIER ,221,3717.56
FOUR HOOK  WHITE LOVEBIRDS,1615,3713.54
CREAM SWEETHEART EGG HOLDER,767,3708.52
RED RETROSPOT SUGAR JAM BOWL,1520,3692.37
S/6 WOODEN SKITTLES IN COTTON BAG,1152,3689.46
VINTAGE BLUE KITCHEN CABINET,26,3685.0
GLASS APOTHECARY BOTTLE TONIC,925,3678.11
MISTLETOE HEART WREATH GREEN,882,3676.1800000000003
IVORY GIANT GARDEN THERMOMETER,597,3674.7000000000003
FRENCH ENAMEL CANDLEHOLDER,1701,3666.2900000000004
WALL TIDY RETROSPOT ,2288,3649.0699999999997
ANTIQUE SILVER BAUBLE LAMP  ,381,3635.23
BABUSHKA LIGHTS STRING OF 10,517,3633.17
SET OF 6 SNACK LOAF BAKING CASES,4420,3631.0499999999997
FAIRY TALE COTTAGE NIGHTLIGHT,2093,3626.45
CAKE STAND 3 TIER MAGIC GARDEN,308,3624.5999999999995
WHITE ROCKING HORSE HAND PAINTED,2902,3617.78
DRAWER KNOB CRACKLE GLAZE IVORY,2162,3608.5799999999995
EMPIRE DESIGN ROSETTE,4244,3606.4199999999996
CHARLIE AND LOLA FIGURES TINS,1523,3587.19
SET OF 16 VINTAGE PISTACHIO CUTLERY,317,3585.99
ZINC HERB GARDEN CONTAINER,567,3585.39
RIBBON REEL CHRISTMAS SOCK BAUBLE,1835,3585.02
TEA BAG PLATE RED RETROSPOT,4086,3584.99
COLOURED GLASS STAR T-LIGHT HOLDER,1013,3584.9100000000003
CLASSIC CHROME BICYCLE BELL ,2501,3582.97
ROTATING LEAVES T-LIGHT HOLDER,1934,3578.83
PACK OF 20 NAPKINS RED APPLES,4385,3573.83
IVORY WICKER HEART LARGE,2076,3570.7599999999998
ANTIQUE TALL SWIRLGLASS TRINKET POT,871,3564.49
STRAWBERRY SHOPPER BAG,2857,3564.48
RETROSPOT LAMP,334,3561.3399999999997
RED BABY BUNTING ,1128,3559.0
BUNDLE OF 3 RETRO NOTE BOOKS,2158,3557.9399999999996
SET OF 36 PAISLEY FLOWER DOILIES,2219,3545.6
VINTAGE PAISLEY STATIONERY SET,1913,3529.12
BAG 125g SWIRLY MARBLES,9390,3528.89
DOORMAT PEACE ON EARTH BLUE,705,3519.6600000000003
6 GIFT TAGS VINTAGE CHRISTMAS ,4016,3517.5199999999995
SET OF 12 FORK CANDLES,1249,3507.51
GIRLS VINTAGE TIN SEASIDE BUCKET,1330,3507.17
"TRAY, BREAKFAST IN BED",275,3491.8599999999997
RED RETROSPOT CUP,3969,3488.44
GAOLERS KEYS DECORATIVE GARDEN ,938,3486.98
BATHROOM METAL SIGN,5883,3474.31
CHRISTMAS PUDDING TRINKET POT ,6751,3470.83
SET OF 9 HEART SHAPED BALLOONS,2766,3456.75
ROLL WRAP VINTAGE SPOT ,2721,3456.33
TEA TIME KITCHEN APRON,609,3456.15
METAL SIGN DROP YOUR PANTS,1277,3450.21
RETROSPOT GIANT TUBE MATCHES,1497,3450.15
PINK  POLKADOT PLATE ,2065,3449.6
CAMOUFLAGE DESIGN TEDDY,1631,3448.05
IVORY HANGING DECORATION  HEART,3889,3447.5499999999997
MIRRORED DISCO BALL ,651,3446.9500000000003
COFFEE MUG DOG + BALL DESIGN,1542,3444.91
SET OF 5 MINI GROCERY MAGNETS,1672,3437.85
6 GIFT TAGS 50'S CHRISTMAS ,3743,3431.89
FANCY FONTS BIRTHDAY WRAP,8600,3430.0
WOODLAND MINI BACKPACK,820,3427.94
GLASS APOTHECARY BOTTLE ELIXIR,858,3427.4800000000005
FELTCRAFT GIRL NICOLE KIT,669,3427.3500000000004
OFFICE MUG WARMER BLACK+SILVER ,1137,3418.51
SET 3 WICKER STORAGE BASKETS ,241,3399.95
SET OF 4 KNICK KNACK TINS POPPIES,853,3399.4900000000002
RED GINGHAM ROSE JEWELLERY BOX,1744,3398.95
SPACEBOY BIRTHDAY CARD,8185,3397.65
CHARLIE+LOLA PINK HOT WATER BOTTLE,1005,3390.88
BUTTON BOX ,1877,3380.45
MOROCCAN TEA GLASS,4186,3377.74
VINTAGE  2 METRE FOLDING RULER,1628,3375.7
SWEETHEART 3 TIER CAKE STAND ,284,3371.58
FLORAL FOLK STATIONERY SET,1943,3363.34
PACK 3 BOXES CHRISTMAS PANNETONE,1650,3361.77
HAPPY STENCIL CRAFT,2831,3358.1800000000003
DOORMAT CHRISTMAS VILLAGE,590,3354.22
WATERING CAN PINK BUNNY,1720,3350.62
RIBBON REEL HEARTS DESIGN ,1911,3348.39
"DIAMANTE HEART SHAPED WALL MIRROR, ",415,3328.2
SET 10 LIGHTS NIGHT OWL,461,3317.4700000000003
LARGE DECO JEWELLERY STAND,264,3314.94
BELLE JARDINIERE CUSHION COVER,761,3305.83
FINE WICKER HEART ,2644,3304.23
JAM JAR WITH PINK LID,3904,3294.91
EMBOSSED GLASS TEALIGHT HOLDER,2559,3289.75
20 DOLLY PEGS RETROSPOT,2470,3282.3
3 HOOK HANGER MAGIC GARDEN,1705,3280.1099999999997
SET OF 60 VINTAGE LEAF CAKE CASES ,6151,3279.21
SET 3 SONG BIRD PAPER EGGS ASSORTED,1173,3277.3100000000004
ENAMEL WATERING CAN CREAM,622,3266.09
SET OF 16 VINTAGE ROSE CUTLERY,272,3264.63
RECYCLED ACAPULCO MAT PINK,365,3262.57
POTTING SHED TEA MUG,2479,3262.25
GREEN CHRISTMAS TREE CARD HOLDER,1266,3245.68
POPPY'S PLAYHOUSE LIVINGROOM ,1451,3244.94
HOME SWEET HOME CUSHION COVER ,807,3230.41
WRAP ALPHABET DESIGN,8001,3228.42
RECYCLED ACAPULCO MAT BLUE,365,3223.49
12 PENCIL SMALL TUBE WOODLAND,4506,3216.1200000000003
GLASS JAR ENGLISH CONFECTIONERY,1016,3210.52
VICTORIAN  METAL POSTCARD SPRING,2870,3207.69
PACK OF 12 COLOURED PENCILS,3959,3193.83
SET/3 VANILLA SCENTED CANDLE IN BOX,726,3186.5
MINT DINER WALL CLOCK,373,3176.41
ROSE CARAVAN DOORSTOP,566,3174.84
DRAWER KNOB CERAMIC IVORY,2173,3173.89
WHITE WICKER STAR ,1473,3155.1800000000003
HANGING METAL STAR LANTERN,2060,3153.0899999999997
MINI WOODEN HAPPY BIRTHDAY GARLAND,1815,3138.0
GLASS CLOCHE SMALL,804,3131.02
DINOSAUR LUNCH BOX WITH CUTLERY,1281,3127.38
SPACEBOY BEAKER,2632,3117.34
BLUE POLKADOT CUP,3573,3112.81
GREEN 3 PIECE POLKADOT CUTLERY SET,850,3110.9100000000003
RETROSPOT RED WASHING UP GLOVES,1458,3090.96
SWEETHEART BIRD HOUSE,857,3082.71
GLITTER BUTTERFLY CLIPS,1130,3079.88
VINTAGE  2 METER FOLDING RULER,1845,3075.3699999999994
ALPHABET STENCIL CRAFT,2702,3063.52
DECORATIVE WICKER HEART LARGE,1778,3056.3399999999997
SET OF 6 T-LIGHTS SNOWMEN,952,3045.6800000000003
SET OF 4 NAPKIN CHARMS CUTLERY,1253,3044.76
TREASURE TIN BUFFALO BILL ,1476,3037.11
CHILDREN'S SPACEBOY MUG,1774,3032.99
SET OF SALT AND PEPPER TOADSTOOLS,2478,3029.1
TABLECLOTH RED APPLES DESIGN ,305,3027.3799999999997
SET OF 4 KNICK KNACK TINS LEAF,748,3024.76
CHRISTMAS HANGING STAR WITH BELL,5945,3022.79
CARDHOLDER HOLLY WREATH METAL,658,3021.12
CHRISTMAS METAL TAGS ASSORTED ,3003,3019.12
CITRONELLA CANDLE GARDEN POT,1657,3018.15
DOLLY GIRL MINI BACKPACK,743,3008.9900000000002
DOILEY STORAGE TIN,1094,3004.46
CERAMIC CHERRY CAKE MONEY BANK,2223,3000.02
WRAP ENGLISH ROSE ,7226,2990.92
TROPICAL  HONEYCOMB PAPER GARLAND ,1240,2987.82
GINGHAM HEART  DOORSTOP RED,793,2982.0299999999997
WOODLAND PARTY BAG + STICKER SET,1840,2975.14
VINTAGE UNION JACK APRON,411,2967.31
12 MESSAGE CARDS WITH ENVELOPES,1740,2959.4199999999996
SET 12 KIDS COLOUR  CHALK STICKS,7200,2950.67
RIBBON REEL LACE DESIGN ,1381,2948.41
S/4 CACTI CANDLES,617,2946.88
COTTON APRON PANTRY DESIGN,638,2942.1800000000003
SET OF 3 BLACK FLYING DUCKS,577,2934.8100000000004
GLASS CLOCHE LARGE,350,2934.53
RED ROCKING HORSE HAND PAINTED,2331,2933.07
TEA TIME OVEN GLOVE,2183,2931.3
GIRLS ALPHABET IRON ON PATCHES ,13882,2923.13
BISCUIT TIN VINTAGE GREEN,451,2911.27
GLASS HEART T-LIGHT HOLDER ,3336,2906.52
RED DRAWER KNOB ACRYLIC EDWARDIAN,2278,2901.75
SPACEBOY CHILDRENS BOWL,2437,2899.1000000000004
FLOWERS CHANDELIER T-LIGHT HOLDER,963,2898.12
 DOLLY GIRL BEAKER,2455,2891.25
PACK OF 60 MUSHROOM CAKE CASES,5230,2886.9500000000003
DOORMAT VINTAGE LEAVES DESIGN ,430,2881.18
MODERN FLORAL STATIONERY SET,1679,2880.45
STOOL HOME SWEET HOME ,238,2873.08
RETROSPOT PADDED SEAT CUSHION,750,2860.98
ENAMEL WASH BOWL CREAM,743,2858.96
PLAYING CARDS JUBILEE UNION JACK,1934,2857.64
CHEST OF DRAWERS GINGHAM HEART ,163,2851.3599999999997
HEART WREATH DECORATION WITH BELL,2288,2850.89
BAKING MOULD HEART MILK CHOCOLATE,1109,2849.35
EMPIRE UNION JACK TV DINNER TRAY,881,2844.16
RED RETROSPOT TEA CUP AND SAUCER ,854,2831.17
TOY TIDY SPACEBOY  ,1316,2823.86
VICTORIAN SEWING KIT,2519,2823.83
BLUE PARTY BAGS ,1480,2822.32
BLUE POLKADOT WRAP,6952,2819.84
RED HEART SHAPE LOVE BUCKET ,1395,2803.13
CUPBOARD 3 DRAWER MA CAMPAGNE,171,2786.0299999999997
SWEETHEART WIRE MAGAZINE RACK,326,2784.9
WHITE LOVEBIRD LANTERN,835,2767.01
BLUE GIANT GARDEN THERMOMETER,450,2763.42
BUNDLE OF 3 SCHOOL EXERCISE BOOKS  ,1702,2761.8999999999996
JAM JAR WITH GREEN LID,3267,2761.56
SMALL HEART MEASURING SPOONS,2853,2759.2599999999998
SET OF 3 WOODEN STOCKING DECORATION,2064,2757.57
WALL ART 70'S ALPHABET ,356,2757.06
SINGLE ANTIQUE ROSE HOOK IVORY,1870,2755.1
GREEN DRAWER KNOB ACRYLIC EDWARDIAN,2087,2754.4
PINK DINER WALL CLOCK,308,2749.85
CHEST NATURAL WOOD 20 DRAWERS,24,2745.0
CHILDRENS DOLLY GIRL MUG,1607,2744.5399999999995
SILVER BELLS TABLE DECORATION,2169,2743.13
6 EGG HOUSE PAINTED WOOD,301,2742.33
PACK OF 12 HEARTS DESIGN TISSUES ,8803,2737.6299999999997
SET OF 2 TRAYS HOME SWEET HOME,267,2729.33
GLITTER HANGING BUTTERFLY STRING,1315,2725.05
IVORY WICKER HEART MEDIUM,2110,2721.7
REGENCY CAKE SLICE,578,2718.65
ZINC WILLIE WINKIE  CANDLE STICK,2934,2713.5499999999997
OVERNIGHT BAG VINTAGE ROSE PAISLEY,406,2709.3
PINK  POLKADOT CUP,3018,2709.04
GREEN GIANT GARDEN THERMOMETER,430,2704.71
VANILLA SCENT CANDLE JEWELLED BOX,1397,2700.73
RIBBON REEL CHRISTMAS PRESENT ,1389,2695.8
SET OF 3 WOODEN SLEIGH DECORATIONS,1966,2694.56
DOORMAT WELCOME SUNRISE,372,2686.7200000000003
BLACK AND WHITE CAT BOWL,1363,2684.6499999999996
SPACEBOY GIFT WRAP,6552,2683.84
DOORMAT I LOVE LONDON,364,2678.96
MA CAMPAGNE CUTLERY BOX,169,2676.75
WATERING CAN GREEN DINOSAUR,1394,2667.5
PARTY CONE CHRISTMAS DECORATION ,2277,2664.6299999999997
LARGE CAKE TOWEL CHOCOLATE SPOTS,926,2663.62
ROUND CONTAINER SET OF 5 RETROSPOT,1604,2663.5399999999995
TRIPLE HOOK ANTIQUE IVORY ROSE,801,2655.13
TOTE BAG I LOVE LONDON,1296,2650.08
PACK OF 6 SWEETIE GIFT BOXES,1061,2649.35
FLUTED ANTIQUE CANDLE HOLDER,2809,2643.33
GARLAND WOODEN HAPPY EASTER,1978,2641.93
FOLKART ZINC HEART CHRISTMAS DEC,2999,2640.8599999999997
N0 SINGING METAL SIGN,1225,2639.42
RECYCLED ACAPULCO MAT LAVENDER,297,2621.43
ANTIQUE ALL GLASS CANDLESTICK,1171,2618.25
3 TRADITIONAl BISCUIT CUTTERS  SET,1211,2610.61
UTILTY CABINET WITH HOOKS,131,2610.29
BLACK AND WHITE DOG BOWL,1198,2608.08
VINTAGE LEAF MAGNETIC NOTEPAD,1710,2605.5
HALL CABINET WITH 3 DRAWERS,76,2603.5299999999997
PINK OWL SOFT TOY,879,2600.13
GLASS JAR DAISY FRESH COTTON WOOL,729,2598.23
BLUE DRAWER KNOB ACRYLIC EDWARDIAN,1904,2593.53
PINK POLKADOT WRAP ,6350,2593.0
SET/6 TURQUOISE BUTTERFLY T-LIGHTS,1293,2590.42
CREAM WALL PLANTER HEART SHAPED,434,2588.7000000000003
SMALL DOLLY MIX DESIGN ORANGE BOWL,5085,2588.0899999999997
BAKING MOULD EASTER EGG MILK CHOC,940,2585.92
PENS ASSORTED FUNNY FACE,9608,2578.24
TWO DOOR CURIO CABINET,212,2577.45
STOP FOR TEA WALL ART,518,2572.7
SPACEBOY CHILDRENS CUP,2051,2558.82
KINGS CHOICE TEA CADDY ,700,2557.1200000000003
PINK DOUGHNUT TRINKET POT ,1734,2556.2
TOADSTOOL MONEY BOX,817,2549.11
SET/20 STRAWBERRY PAPER NAPKINS ,2780,2540.39
MISTLETOE HEART WREATH CREAM,625,2539.63
GINGHAM RECIPE BOOK BOX,466,2529.42
LUNCH BAG RED VINTAGE DOILY,1577,2526.69
GLASS STAR FROSTED T-LIGHT HOLDER,518,2519.38
FRENCH WC SIGN BLUE METAL,1883,2518.0
CERAMIC STRAWBERRY MONEY BOX,977,2515.52
RED REFECTORY CLOCK ,251,2511.59
FRENCH BATHROOM SIGN BLUE METAL,1476,2511.22
BAKING MOULD CHOCOLATE CUPCAKES,950,2507.14
6 RIBBONS ELEGANT CHRISTMAS ,1800,2503.3399999999997
CREAM SLICE FLANNEL PINK SPOT ,904,2501.56
SET 12 COLOUR PENCILS SPACEBOY ,3285,2495.75
MAN FLU METAL SIGN,1162,2494.3300000000004
CAKE STAND WHITE TWO TIER LACE,343,2471.39
ROLL WRAP 50'S RED CHRISTMAS ,1803,2462.95
PEARL CRYSTAL PUMPKIN T-LIGHT HLDR,1474,2449.2999999999997
VINTAGE BELLS GARLAND,821,2443.35
S/4 VALENTINE DECOUPAGE HEART BOX,1484,2443.04
AIRLINE BAG VINTAGE JET SET RED,549,2440.27
CHARLIE + LOLA RED HOT WATER BOTTLE,939,2430.44
KINGS CHOICE MUG,2055,2429.38
HOME SWEET HOME KEY HOLDER,457,2428.9100000000003
SET OF 6 T-LIGHTS TOADSTOOLS,825,2428.1800000000003
STAR WOODEN CHRISTMAS DECORATION,2689,2427.25
SET OF 3 WOODEN TREE DECORATIONS,1784,2423.54
MAKE YOUR OWN FLOWERPOWER CARD KIT,934,2420.34
SET OF 6 T-LIGHTS CACTI ,881,2419.29
SET OF 9 BLACK SKULL BALLOONS,2830,2418.94
BALLOONS  WRITING SET ,1342,2418.68
SHELF WITH 4 HOOKS HOME SWEET HOME,461,2409.34
 OVAL WALL MIRROR DIAMANTE ,237,2401.0699999999997
36 PENCILS TUBE SKULLS,1799,2400.05
BLUE SAVANNAH PICNIC HAMPER FOR 2,256,2393.5899999999997
BOX OF 6 ASSORTED COLOUR TEASPOONS,558,2389.52
ASSTD DESIGN RACING CAR PEN,1615,2389.44
BALLOON WATER BOMB PACK OF 35,6034,2385.12
SET OF 10 LANTERNS FAIRY LIGHT STAR,581,2384.9700000000003
12 PENCILS TALL TUBE RED RETROSPOT,2746,2382.46
12 EGG HOUSE PAINTED WOOD,149,2378.52
CLASSIC BICYCLE CLIPS ,1644,2378.4799999999996
HANGING HEART WITH BELL,4620,2376.0499999999997
SET 20 NAPKINS FAIRY CAKES DESIGN ,2749,2375.44
BICYCLE SAFTEY WALL ART,458,2371.94
LE JARDIN BOTANIQUE CUSHION COVER,566,2371.25
TEA TIME TEAPOT IN GIFT BOX,380,2360.68
SMALL RED RETROSPOT MUG IN BOX ,949,2358.15
SKULLS AND CROSSBONES WRAP,5800,2356.0
RUSTIC MIRROR WITH LACE HEART,459,2354.87
HEART MIRROR ANTIQUE WHITE,358,2354.8
HEADS AND TAILS SPORTING FUN,1977,2351.44
ENAMEL COLANDER CREAM,460,2346.1200000000003
 50'S CHRISTMAS GIFT BAG LARGE,1915,2343.63
BIG DOUGHNUT FRIDGE MAGNETS,1726,2334.94
36 PENCILS TUBE WOODLAND,1741,2331.14
WRAP PINK FAIRY CAKES ,5800,2331.0
SWEETHEART WIRE WALL TIDY,229,2315.33
RIBBON REEL MAKING SNOWMEN ,1233,2315.25
RED GINGHAM TEDDY BEAR ,774,2314.7400000000002
SET 36 COLOUR PENCILS SPACEBOY ,1712,2313.53
ASSORTED COLOUR T-LIGHT HOLDER,3631,2304.8300000000004
PACK OF 12 SUKI TISSUES ,7612,2304.14
GROW YOUR OWN BASIL IN ENAMEL MUG,1051,2301.31
DECORATIVE WICKER HEART MEDIUM,1804,2299.47
HANGING JAM JAR T-LIGHT HOLDERS,2813,2298.0499999999997
CACTI T-LIGHT CANDLES,5353,2292.34
SLATE TILE NATURAL HANGING,1510,2291.4399999999996
CHOCOLATE BOX RIBBONS ,1728,2284.36
DRAWER KNOB CRACKLE GLAZE GREEN,1340,2284.12
GARLAND WITH STARS AND BELLS,549,2280.4700000000003
POTTING SHED TWINE,983,2279.09
SKETCHBOOK MAGNETIC SHOPPING LIST,1456,2274.0
BLUE COAT RACK PARIS FASHION,468,2266.1600000000003
CARD BILLBOARD FONT,5302,2261.6
POLYESTER FILLER PAD 40x40cm,1556,2256.2
VINTAGE BILLBOARD TEA MUG,1950,2251.77
SWALLOWS GREETING CARD,5551,2247.97
VINTAGE RED ENAMEL TRIM JUG ,599,2246.61
SMALL PARISIENNE HEART PHOTO FRAME ,941,2244.2200000000003
HANGING MINI COLOURED BOTTLES,3443,2237.71
PACK OF 20 SKULL PAPER NAPKINS,2412,2235.65
STRAWBERRY RAFFIA FOOD COVER,641,2228.09
TOADSTOOL BEDSIDE LIGHT ,251,2225.45
CHRISTMAS RETROSPOT ANGEL WOOD,2482,2222.3799999999997
KEY RING BASEBALL BOOT UNION JACK,1823,2220.37
BIRDHOUSE GARDEN MARKER ,1543,2218.12
CERAMIC CAKE DESIGN SPOTTED MUG,1456,2214.08
CLASSIC FRENCH STYLE BASKET NATURAL,522,2213.42
LETTER HOLDER HOME SWEET HOME,626,2207.86
RED RETROSPOT APRON ,335,2205.4700000000003
HEART WOODEN CHRISTMAS DECORATION,2336,2202.14
"KEY FOB , SHED",3234,2201.07
KNEELING MAT HOUSEWORK  DESIGN,1544,2194.62
ROCKING HORSE RED CHRISTMAS ,2441,2191.43
KEY CABINET MA CAMPAGNE,207,2186.27
VINTAGE CHRISTMAS GIFT BAG LARGE ,1831,2182.39
6 CHOCOLATE LOVE HEART T-LIGHTS,1065,2179.6600000000003
ICE CREAM BUBBLES,2688,2177.8399999999997
KINGS CHOICE BISCUIT TIN,468,2175.04
PACK OF 6 SANDCASTLE FLAGS ASSORTED,2524,2173.0499999999997
BOTTLE BAG RETROSPOT ,1330,2171.53
WRAP RED APPLES ,5278,2168.76
NOEL WOODEN BLOCK LETTERS ,353,2165.65
RETROSPOT CIGAR BOX MATCHES ,2162,2164.46
3D VINTAGE CHRISTMAS STICKERS ,1645,2162.75
DRAWER KNOB CRACKLE GLAZE PINK,1284,2162.2
WOODLAND  HEIGHT CHART STICKERS ,724,2160.0
PIZZA PLATE IN BOX,594,2158.06
HERB MARKER BASIL,3427,2155.94
TOILET METAL SIGN,3883,2155.8900000000003
SET/6 PURPLE BUTTERFLY T-LIGHTS,890,2149.4
CARD HOLDER GINGHAM HEART,687,2149.31
DRAWER KNOB CRACKLE GLAZE BLUE,1213,2148.5299999999997
TRAVEL CARD WALLET I LOVE LONDON,4783,2147.55
CHILDREN'S CIRCUS PARADE MUG,1261,2145.91
REGENCY CAKE FORK,1715,2145.3
WRAP VINTAGE LEAF DESIGN,5326,2140.92
STAR WREATH DECORATION WITH BELL,1683,2139.67
CHINESE DRAGON PAPER LANTERNS,5556,2136.34
STRAWBERRY CERAMIC TRINKET POT,1371,2133.7200000000003
SEWING BOX RETROSPOT DESIGN ,211,2132.44
PARTY CONES CANDY ASSORTED,1762,2127.53
CERAMIC CAKE BOWL + HANGING CAKES,717,2126.3900000000003
TEA FOR ONE POLKADOT,424,2125.18
POMPOM CURTAIN,424,2124.15
WOODEN REGATTA BUNTING,334,2121.9900000000002
PACK OF 12 RED RETROSPOT TISSUES ,6687,2121.7599999999998
HEART DECORATION WITH PEARLS ,2198,2114.83
RED METAL BEACH SPADE ,1494,2114.64
PAPER LANTERN 9 POINT DELUXE STAR,349,2111.4900000000002
FUNKY WASHING UP GLOVES ASSORTED,1003,2108.7200000000003
 RED SPOT GIFT BAG LARGE,1727,2107.42
WRAP POPPIES  DESIGN,5175,2105.5
"FANCY FONT BIRTHDAY CARD, ",4958,2101.0099999999998
TRAVEL CARD WALLET VINTAGE TICKET,4813,2099.97
IVORY SWEETHEART WIRE LETTER RACK ,558,2095.65
3D TRADITIONAL CHRISTMAS STICKERS,1583,2095.08
IVORY REFECTORY CLOCK,213,2094.24
CERAMIC STRAWBERRY DESIGN MUG,1790,2094.24
VINTAGE RED ENAMEL TRIM MUG ,1701,2092.0
MAKE YOUR OWN MONSOON CARD KIT,870,2091.5400000000004
SET 12 LAVENDER  BOTANICAL T-LIGHTS,764,2089.64
CHRISTMAS GINGHAM STAR,2265,2087.3399999999997
POPPY'S PLAYHOUSE BATHROOM,957,2087.15
MINI CAKE STAND  HANGING STRAWBERY,1377,2086.49
DOG LICENCE WALL ART,408,2081.64
SET 8 CANDLES VINTAGE DOILY,1065,2079.85
SOAP DISH BROCANTE,721,2076.63
SET 36 COLOURING PENCILS DOILY,1490,2076.6
VILLAGE SHOW WALL ART,386,2072.42
WHITE BROCANTE SOAP DISH,706,2070.9
36 FOIL STAR CAKE CASES ,1048,2070.15
FILIGREE HEART BUTTERFLY WHITE ,1642,2070.06
BAKING MOULD ROSE MILK CHOCOLATE,690,2066.82
GLASS  SONGBIRD STORAGE JAR,169,2065.14
DOLLY GIRL CHILDRENS CUP,1635,2060.28
T-LIGHT HOLDER HANGING LOVE BIRD,548,2055.27
MIRROR MOSAIC VOTIVE HOLDER,1438,2053.17
ENGLISH ROSE GARDEN SECATEURS,2019,2049.45
KEY RING BASEBALL BOOT ASSORTED ,1631,2044.58
UNION JACK FLAG PASSPORT COVER ,829,2043.79
DOORMAT NEIGHBOURHOOD WITCH ,279,2038.39
IVORY EMBROIDERED QUILT ,54,2038.0900000000001
GREEN POLKADOT BOWL,1576,2032.48
RIBBON REEL POLKADOTS ,1221,2028.23
WHITE WIRE EGG HOLDER,314,2027.74
BROCANTE COAT RACK,220,2025.96
METAL SIGN EMPIRE TEA,1549,2020.91
SET OF 2 CERAMIC CHRISTMAS REINDEER,1448,2019.59
"FEATHER PEN,HOT PINK",3890,2018.78
OVEN MITT APPLES DESIGN,1352,2016.0
KEEP CALM WALL ART ,269,2015.97
WRAP CHRISTMAS VILLAGE,4901,2014.42
DOLLY GIRL CHILDRENS BOWL,1622,2013.7
EASTER TIN BUNNY BOUQUET,1209,2012.9699999999998
VINTAGE UNION JACK CUSHION COVER,386,2012.3400000000001
HOT STUFF HOT WATER BOTTLE,595,2012.13
GLASS JAR DIGESTIVE BISCUITS,619,2010.17
STORAGE TIN VINTAGE LEAF,775,2010.13
CABIN BAG VINTAGE PAISLEY,99,2010.12
STAR T-LIGHT HOLDER WILLIE WINKIE,1183,2009.9499999999998
SMALL DECO JEWELLERY STAND,243,2005.81
COSY HOUR CIGAR BOX MATCHES ,1378,2001.1399999999999
RED STAR CARD HOLDER,848,1997.48
YELLOW GIANT GARDEN THERMOMETER,288,1993.75
HOT WATER BOTTLE SEX BOMB,453,1993.6000000000001
OCEAN SCENT CANDLE IN JEWELLED BOX,1028,1993.48
SMALL MARSHMALLOWS PINK BOWL,3764,1991.36
WOODEN TREE CHRISTMAS SCANDINAVIAN,5170,1988.8899999999999
MINI CAKE STAND WITH HANGING CAKES,1361,1986.24
BAKING MOULD TOFFEE CUP CHOCOLATE,878,1985.5800000000002
FAIRY TALE COTTAGE NIGHT LIGHT,977,1981.29
WATERING CAN GARDEN MARKER,1374,1980.4
SANDALWOOD FAN,2091,1979.4899999999998
CHARLIE+LOLA RED HOT WATER BOTTLE ,432,1977.79
SET 12 RETRO WHITE CHALK STICKS,4600,1973.9099999999999
BAKING MOULD HEART WHITE CHOCOLATE,815,1968.4
JAZZ HEARTS PURSE NOTEBOOK,4451,1965.81
RED SPOT PAPER GIFT BAG,2456,1962.83
OFFICE MUG WARMER POLKADOT,649,1962.2900000000002
FILIGREE HEART BIRD WHITE ,1492,1960.0
ZINC T-LIGHT HOLDER STAR LARGE,2060,1956.6799999999998
HANGING CHICK CREAM DECORATION,1317,1946.62
3 TIER SWEETHEART GARDEN SHELF,55,1938.2500000000002
METAL SIGN NEIGHBOURHOOD WITCH ,914,1938.15
SET OF 4 NAPKIN CHARMS HEARTS,806,1937.7099999999998
SET OF 16 VINTAGE SKY BLUE CUTLERY,178,1931.1699999999998
WRAP DOILEY DESIGN,4703,1927.26
WHITE BELL HONEYCOMB PAPER ,1093,1924.9399999999998
LE GRAND TRAY CHIC SET,152,1924.92
FRYING PAN RED RETROSPOT,467,1923.59
SET/3 ROSE CANDLE IN JEWELLED BOX,402,1916.1399999999999
CAKE STAND VICTORIAN FILIGREE MED,322,1916.01
KNICKERBOCKERGLORY MAGNET ASSORTED ,2233,1914.7299999999998
SWISS ROLL TOWEL PINK  SPOTS,706,1913.6899999999998
APPLE BATH SPONGE,1338,1913.67
FELTCRAFT BOY JEAN-PAUL KIT,371,1909.51
DAIRY MAID LARGE MILK JUG,376,1908.88
CHRISTMAS GINGHAM TREE,2006,1905.7699999999998
ALUMINIUM STAMPED HEART,783,1902.19
VINTAGE JINGLE BELLS HEART,228,1897.76
WHITE JEWELLED HEART DECORATION,2164,1897.4499999999998
WRAP 50'S  CHRISTMAS,4563,1892.46
3 RAFFIA RIBBONS 50'S CHRISTMAS ,2105,1892.07
VINTAGE BILLBOARD LOVE/HATE MUG,1638,1890.33
PARLOUR CERAMIC WALL HOOK,455,1889.7500000000002
POSTE FRANCE CUSHION COVER,438,1888.9
SET OF 3 COLOURED  FLYING DUCKS,394,1888.1000000000001
RETROSPOT WOODEN HEART DECORATION,2078,1887.9799999999998
PINK POLKADOT GARDEN PARASOL,228,1885.27
12 PENCILS TALL TUBE SKULLS,2156,1884.9199999999998
TEA PARTY BIRTHDAY CARD,4392,1883.79
MAGIC DRAWING SLATE SPACEBOY ,4496,1871.12
LARGE POPCORN HOLDER ,1025,1870.9099999999999
VINTAGE GLASS T-LIGHT HOLDER,2238,1870.86
EASTER TIN KEEPSAKE,1129,1865.7299999999998
LOVE HEART POCKET WARMER,2703,1865.6299999999999
SET/3 OCEAN SCENT CANDLE JEWEL BOX,401,1863.87
PACK OF 6 SKULL PAPER PLATES,2321,1862.75
I CAN ONLY PLEASE ONE PERSON MUG,1415,1861.46
CAKE STAND LOVEBIRD 2 TIER WHITE,232,1859.2
ENAMEL FIRE BUCKET CREAM,246,1854.76
CHRISTMAS METAL POSTCARD WITH BELLS,3375,1843.64
SET OF 6 FUNKY BEAKERS,551,1843.6100000000001
PACK OF 12 50'S CHRISTMAS TISSUES,4003,1842.42
CARD DOLLY GIRL ,4483,1842.36
REX CASH+CARRY JUMBO SHOPPER,1939,1842.05
IF YOU CAN'T STAND THE HEAT MUG,1621,1838.05
GENTLEMAN SHIRT REPAIR KIT ,2166,1837.4699999999998
CITRONELLA CANDLE FLOWERPOT,795,1836.64
FAIRY CAKE DESIGN UMBRELLA,454,1832.42
PINK  HEART SHAPE LOVE BUCKET ,1042,1831.6200000000001
MEASURING TAPE BABUSHKA PINK,746,1831.1100000000001
LED TEA LIGHTS,635,1829.65
RED PAPER PARASOL,645,1822.71
CAKE PLATE LOVEBIRD PINK,441,1821.6100000000001
REGENCY TEA SPOON,1462,1809.48
FRYING PAN PINK POLKADOT,398,1809.48
LAVENDER SCENTED FABRIC HEART,1366,1809.33
MAGIC DRAWING SLATE PURDEY,4755,1805.21
3 ROSE MORRIS BOXED CANDLES,1133,1805.0
CHOCOLATE CALCULATOR,960,1799.9999999999998
GREEN POLKADOT PLATE ,1078,1792.27
ROSE 3 WICK MORRIS BOX CANDLE,1153,1787.88
BLUE REFECTORY CLOCK ,174,1787.4099999999999
TOOL BOX SOFT TOY ,180,1782.54
BROCANTE SHELF WITH HOOKS,162,1781.82
MINIATURE ANTIQUE ROSE HOOK IVORY,2096,1779.6599999999999
WRAP I LOVE LONDON ,4501,1774.42
MONSTERS STENCIL CRAFT,1421,1773.3700000000001
TEA TIME TABLE CLOTH,187,1769.25
BASKET OF TOADSTOOLS,1430,1767.15
SET OF 4 ENGLISH ROSE COASTERS,1254,1767.05
PEACE WOODEN BLOCK LETTERS,351,1766.57
DOCTOR'S BAG SOFT TOY,184,1765.3999999999999
OFFICE MUG WARMER CHOC+BLUE,571,1762.0700000000002
PETIT TRAY CHIC,1047,1759.7899999999997
DOG BOWL VINTAGE CREAM,390,1757.8799999999999
RETROSPOT SMALL TUBE MATCHES,1066,1754.8999999999999
SET OF 12 T-LIGHTS VINTAGE DOILY,932,1753.36
SET 36 COLOUR PENCILS DOLLY GIRL,1391,1752.79
HOME SWEET HOME HANGING HEART,1922,1752.35
GARLAND WITH HEARTS AND BELLS,394,1751.22
STRAWBERRY BATH SPONGE ,1235,1749.18
SILVER STARS TABLE DECORATION,2037,1744.61
12 PENCILS TALL TUBE WOODLAND,1976,1742.27
SET OF 16 VINTAGE RED CUTLERY,160,1736.35
BULL DOG BOTTLE TOP WALL CLOCK,201,1733.57
DINOSAURS  WRITING SET ,944,1728.6399999999999
PARTY CHARMS 50 PIECES,2253,1727.75
SET OF 16 VINTAGE BLACK CUTLERY,140,1722.74
KINGS CHOICE GIANT TUBE MATCHES,743,1721.85
DAIRY MAID STRIPE MUG,1907,1721.0900000000001
WHEELBARROW FOR CHILDREN ,125,1720.26
SET OF 12  VINTAGE POSTCARD SET,2182,1719.8400000000001
GEORGIAN TRINKET BOX,144,1719.0
MINI JIGSAW SPACEBOY,4521,1716.1799999999998
S/4 PINK FLOWER CANDLES IN BOWL,922,1715.8999999999999
ROBOT BIRTHDAY CARD,3977,1715.48
HANGING HEART MIRROR DECORATION ,2341,1708.0700000000002
BAKING MOULD EASTER EGG WHITE CHOC,589,1707.47
CARD MOTORBIKE SANTA,4023,1706.8799999999999
SET 12 KIDS  WHITE CHALK STICKS,4156,1704.03
FRENCH TOILET SIGN BLUE METAL,1350,1697.72
MULTICOLOUR SPRING FLOWER MUG,2544,1695.86
AFGHAN SLIPPER SOCK PAIR,519,1690.5500000000002
SKULLS  WATER TRANSFER TATTOOS ,1975,1690.23
T-LIGHT HOLDER SWEETHEART HANGING,860,1688.22
WRAP SUKI AND FRIENDS,4075,1687.5
SKULL AND CROSSBONES  GARLAND ,1068,1686.4999999999998
SET 12 COLOUR PENCILS DOLLY GIRL ,2382,1681.5
JINGLE BELL HEART ANTIQUE GOLD,782,1680.48
SKULLS PARTY BAG + STICKER SET,1033,1679.6499999999999
LIPSTICK PEN RED,3347,1676.8799999999999
RED COAT RACK PARIS FASHION,352,1673.15
HEART DECORATION PAINTED ZINC ,2386,1672.7900000000002
6 RIBBONS EMPIRE  ,1260,1669.5299999999997
BLUE POLKADOT GARDEN PARASOL,200,1668.49
SAVE THE PLANET COTTON TOTE BAG,720,1664.8999999999999
WOODLAND DESIGN  COTTON TOTE BAG,749,1664.51
PINK HANGING HEART T-LIGHT HOLDER,880,1664.16
PLAYING CARDS I LOVE LONDON ,1207,1660.04
SET OF 2 CERAMIC PAINTED HEARTS ,1183,1659.37
DAISY GARDEN MARKER,1139,1658.57
CHARLIE + LOLA BISCUITS TINS,555,1657.87
SUNSET CHECK HAMMOCK,192,1657.42
CAT BOWL VINTAGE CREAM,472,1655.96
PACK OF 12 WOODLAND TISSUES ,5482,1655.36
"SWISS ROLL TOWEL, CHOCOLATE  SPOTS",901,1652.27
HANGING  BUTTERFLY T-LIGHT HOLDER,1340,1651.36
SILVER RECORD COVER FRAME,365,1649.6399999999999
HEART T-LIGHT HOLDER WILLIE WINKIE,969,1649.0499999999997
HEART DECORATION RUSTIC HANGING ,5088,1647.16
CHILDRENS TOY COOKING UTENSIL SET,750,1642.13
3 WHITE CHOC MORRIS BOXED CANDLES,950,1642.07
HEN HOUSE DECORATION,954,1641.62
AIRLINE BAG VINTAGE JET SET BROWN,349,1639.29
SET 12 COLOURING PENCILS DOILY,2204,1638.7
ANGEL DECORATION 3 BUTTONS ,3749,1638.35
SPACEBOY TV DINNER TRAY,303,1636.27
FOLKART STAR CHRISTMAS DECORATIONS,3582,1634.9199999999998
SWEETHEART WIRE FRUIT BOWL,208,1631.58
 I LOVE LONDON MINI BACKPACK,389,1628.17
PENCIL CASE LIFE IS BEAUTIFUL,537,1624.7600000000002
SPACEBOY CHILDRENS EGG CUP,1204,1624.63
TV DINNER TRAY VINTAGE PAISLEY,503,1623.04
FAIRY CAKE BIRTHDAY CANDLE SET,440,1622.24
FOLDING UMBRELLA RED/WHITE POLKADOT,347,1621.76
WALL MIRROR RECTANGLE DIAMANTE PINK,207,1614.4
LAUREL HEART ANTIQUE SILVER,1309,1613.82
RED VINTAGE SPOT BEAKER,1891,1613.59
STRAWBERRY HONEYCOMB  GARLAND ,1290,1610.9199999999998
LADS ONLY TISSUE BOX,1650,1610.41
FRENCH LAUNDRY SIGN BLUE METAL,963,1610.35
HANGING CHICK  YELLOW DECORATION,1139,1608.86
SKULL DESIGN TV DINNER TRAY,316,1605.67
METAL DECORATION NAUGHTY CHILDREN ,1601,1604.99
COFFEE MUG PINK PAISLEY DESIGN,693,1604.58
RED POLKADOT BEAKER ,3865,1603.77
WHITE TALL PORCELAIN T-LIGHT HOLDER,699,1601.21
FILIGREE HEART DAISY WHITE,1247,1596.67
ROUND STORAGE TIN VINTAGE LEAF,864,1593.58
MAGNETS PACK OF 4 SWALLOWS,2576,1589.51
SILK PURSE BABUSHKA PINK,492,1587.3000000000002
VINTAGE UNION JACK PENNANT,795,1586.75
PACK OF 12 SKULL TISSUES,5275,1583.4099999999999
POLYESTER FILLER PAD 45x45cm,1021,1582.55
SET 36 COLOUR PENCILS LOVE LONDON,1105,1581.06
FRENCH BLUE METAL DOOR SIGN 1,1157,1580.89
BALLOON PUMP WITH 10 BALLOONS,798,1580.16
DAIRY MAID TRADITIONAL TEAPOT ,218,1578.42
CHERRY BLOSSOM  DECORATIVE FLASK,380,1576.96
WOOD STAMP SET THANK YOU,1515,1576.4699999999998
EMERGENCY FIRST AID TIN ,1089,1573.52
PACK OF 6 HANDBAG GIFT BOXES,574,1572.9499999999998
COWBOYS AND INDIANS BIRTHDAY CARD ,3741,1572.28
CREAM FELT EASTER EGG BASKET,976,1572.2299999999998
ROCOCO WALL MIRROR WHITE,78,1567.1399999999999
PAPER CHAIN KIT SKULLS ,548,1566.99
VINTAGE SEASIDE JIGSAW PUZZLES,398,1565.83
OFFICE MUG WARMER PINK,565,1564.8300000000002
SNOWFLAKE PORTABLE TABLE LIGHT ,531,1563.5500000000002
SMALL HEART FLOWERS HOOK ,1786,1561.6999999999998
CARD CHRISTMAS VILLAGE,3657,1560.48
FRENCH KITCHEN SIGN BLUE METAL,1243,1558.91
RED RETROSPOT PURSE ,461,1546.2700000000002
HEART CALCULATOR,1183,1545.59
PANTRY PASTRY BRUSH,1155,1545.02
CHRISTMAS RETROSPOT STAR WOOD,1700,1544.9299999999998
FIVE HEART HANGING DECORATION,462,1541.6200000000001
POTTING SHED ROSE CANDLE,493,1541.11
BLUE OWL SOFT TOY,513,1539.8300000000002
TV DINNER TRAY DOLLY GIRL,322,1536.91
3D CHRISTMAS STAMPS STICKERS ,1172,1536.24
SET OF 4 SANTA PLACE SETTINGS,1202,1531.95
MULTICOLOUR HONEYCOMB PAPER GARLAND,1119,1531.1399999999999
REGENCY MIRROR WITH SHUTTERS,10,1530.0
ROMANTIC PINKS RIBBONS ,1218,1520.65
ANT WHITE WIRE HEART SPIRAL,339,1519.63
MAGIC DRAWING SLATE DOLLY GIRL ,3631,1517.72
MIRROR CORNICE,94,1515.68
DISCO BALL CHRISTMAS DECORATION,12979,1512.92
EUCALYPTUS & PINECONE  WREATH,378,1511.2600000000002
CARDHOLDER GINGHAM CHRISTMAS TREE,413,1509.41
TV DINNER TRAY AIR HOSTESS ,420,1506.97
LOVE LARGE WOOD LETTERS ,106,1505.96
CALENDAR IN SEASON DESIGN,582,1505.24
VINTAGE RED TRIM ENAMEL BOWL ,1155,1501.03
CLASSIC FRENCH STYLE BASKET GREEN ,344,1497.72
FOLDING BUTTERFLY MIRROR HOT PINK ,1868,1496.07
FAUX FUR CHOCOLATE THROW,88,1494.69
IVORY WICKER HEART SMALL,2271,1491.75
POLKADOT COFFEE CUP & SAUCER PINK,1570,1489.01
WOODLAND BUNNIES LOLLY MAKERS,652,1488.65
MOUSE TOY WITH PINK T-SHIRT,390,1486.18
CHRISTMAS TABLE SILVER CANDLE SPIKE,1718,1486.1
SPACEBOY ROCKET LOLLY MAKERS,667,1485.43
HANGING FAIRY CAKE DECORATION,820,1484.3
SKULLS WRITING SET ,864,1484.1299999999999
DINOSAUR KEYRINGS ASSORTED,6873,1483.4199999999998
MILK PAN RED RETROSPOT,403,1483.13
4 VANILLA BOTANICAL CANDLES,978,1481.4
12 IVORY ROSE PEG PLACE SETTINGS,969,1478.1
FLOWER VINE RAFFIA FOOD COVER,383,1477.82
TOY TIDY DOLLY GIRL DESIGN,713,1472.85
DRAWER KNOB CERAMIC BLACK,991,1466.07
SET 12 COLOUR PENCILS LOVE LONDON,1859,1464.38
CARD I LOVE LONDON ,3501,1462.56
BAG 500g SWIRLY MARBLES,1459,1462.1699999999998
DANISH ROSE PHOTO FRAME,1424,1461.6
CARD HOLDER LOVE BIRD LARGE ,232,1460.5
GLAMOROUS  MUG,1296,1459.98
CHARLIE LOLA BLUE HOT WATER BOTTLE ,305,1457.0
PINK PAPER PARASOL ,464,1456.72
APRON APPLE DELIGHT,287,1456.69
WICKER WREATH LARGE,731,1456.4499999999998
RED ENCHANTED FOREST PLACEMAT,678,1454.8799999999999
SAVOY ART DECO CLOCK,239,1453.5800000000002
SET OF 4 ROSE BOTANICAL CANDLES,897,1451.99
LARGE WHITE HONEYCOMB PAPER BELL  ,562,1451.82
ZINC  STAR T-LIGHT HOLDER ,1220,1445.18
FRENCH ENAMEL POT W LID,589,1436.5300000000002
BEADED CHANDELIER T-LIGHT HOLDER,698,1435.8200000000002
CAKE STAND VICTORIAN FILIGREE SMALL,374,1430.48
ICE CREAM DESIGN GARDEN PARASOL,240,1429.82
SILVER MUG BONE CHINA TREE OF LIFE,1174,1428.57
VINTAGE RED ENAMEL TRIM PLATE,842,1426.1
FRIDGE MAGNETS US DINER ASSORTED,1587,1422.8999999999999
CAST IRON HOOK GARDEN FORK,523,1421.83
BROWN CHECK CAT DOORSTOP ,290,1421.11
ENGLISH ROSE NOTEBOOK A7 SIZE,3152,1420.96
HANGING HEN ON NEST DECORATION,829,1420.4699999999998
CIRCUS PARADE CHILDRENS EGG CUP ,1091,1420.26
"FEATHER PEN,COAL BLACK",2712,1415.9199999999998
CARD BIRTHDAY COWBOY,3487,1415.73
SWALLOW WOODEN CHRISTMAS DECORATION,1539,1415.31
HOME SMALL WOOD LETTERS,245,1413.8400000000001
MAGIC DRAWING SLATE CIRCUS PARADE  ,3384,1413.25
"AIRLINE LOUNGE,METAL SIGN",713,1412.27
12 COLOURED PARTY BALLOONS,2155,1412.16
ASSORTED BOTTLE TOP  MAGNETS ,3152,1406.42
PACK OF 6 LARGE FRUIT STRAWS ,2283,1402.32
IVORY CHANDELIER T-LIGHT HOLDER,658,1401.43
WOODLAND STORAGE BOX LARGE ,346,1401.02
GROW YOUR OWN HERBS SET OF 3,165,1399.69
EMPIRE GIFT WRAP,3425,1394.5
SET OF 4 DIAMOND NAPKIN RINGS,166,1393.79
RED RETROSPOT PUDDING BOWL,333,1392.21
ROSE SCENT CANDLE IN JEWELLED BOX,331,1392.19
PACK OF 12 VINTAGE CHRISTMAS TISSUE,3051,1389.59
GIN & TONIC DIET GREETING CARD ,3299,1389.22
SET/4 SPRING FLOWER DECORATION,1148,1389.08
FRENCH BLUE METAL DOOR SIGN 2,1001,1389.07
CERAMIC BOWL WITH STRAWBERRY DESIGN,590,1388.1000000000001
SMALL WHITE RETROSPOT MUG IN BOX ,730,1388.05
RIBBON REEL SOCKS AND MITTENS,746,1387.46
PIG KEYRING WITH LIGHT & SOUND ,1379,1386.97
VINTAGE BILLBOARD DRINK ME MUG,995,1385.28
GLASS JAR MARMALADE ,481,1383.75
SET/10 IVORY POLKADOT PARTY CANDLES,1145,1383.34
PENS ASSORTED SPACEBALL,5946,1381.78
IVORY CAFE HANGING LAMP ,116,1380.42
GLITTER HEART GARLAND WITH BELLS ,332,1379.72
ZINC BOX SIGN HOME,141,1378.75
WRAP PAISLEY PARK ,3275,1375.5
WALL ART VILLAGE SHOW ,240,1369.71
TRAVEL CARD WALLET TRANSPORT,3171,1369.12
SET OF 6 3D KIT CARDS FOR KIDS,1488,1368.75
COFFEE MUG BLUE PAISLEY DESIGN,767,1368.18
CARD CIRCUS PARADE,3213,1365.95
36 DOILIES DOLLY GIRL,923,1365.29
REINDEER HEART DECORATION SILVER,1537,1363.87
SET OF 3 BABUSHKA STACKING TINS,275,1361.25
PAPER CHAIN KIT LONDON,464,1361.0400000000002
CARD HOLDER LOVE BIRD SMALL,332,1355.24
RED RETROSPOT SHOPPING BAG,523,1353.6899999999998
SMALL RED BABUSHKA NOTEBOOK ,1953,1352.1699999999998
MEDINA STAMPED METAL STOOL,35,1351.64
4 LAVENDER BOTANICAL DINNER CANDLES,892,1349.17
LIPSTICK PEN FUSCHIA,2598,1347.52
MAGNETS PACK OF 4 CHILDHOOD MEMORY,1152,1347.08
PACK OF 6 SKULL PAPER CUPS,2113,1346.65
HERB MARKER ROSEMARY,1944,1344.77
RED RETROSPOT STORAGE JAR,336,1343.64
YELLOW COAT RACK PARIS FASHION,287,1342.39
HANGING CHICK GREEN DECORATION,907,1341.6699999999998
JUNGLE POPSICLES ICE LOLLY MOULDS,962,1341.3700000000001
WRAP VINTAGE PETALS  DESIGN,3300,1338.0
VINTAGE UNION JACK DOORSTOP,217,1337.51
RED RETROSPOT BIG BOWL,286,1336.78
WALL ART VINTAGE HEART,332,1334.49
CERAMIC PIRATE CHEST MONEY BANK,860,1333.75
MAKE YOUR OWN PLAYTIME CARD KIT,643,1333.21
GLASS JAR PEACOCK BATH SALTS,408,1329.44
PAPER LANTERN 9 POINT SNOW STAR ,241,1325.03
CHARLIE & LOLA WASTEPAPER BIN FLORA,996,1323.37
HOME SWEET HOME 2 DRAWER CABINET,254,1321.38
HERB MARKER THYME,1908,1316.16
NO JUNK MAIL METAL SIGN,1942,1315.43
VINTAGE CHRISTMAS PAPER GIFT BAG,1608,1313.3899999999999
CERAMIC CAKE DESIGN SPOTTED PLATE,820,1313.28
DIAMANTE RING ASSORTED IN BOX.,1008,1311.3600000000001
PENNY FARTHING BIRTHDAY CARD,3054,1309.18
PINK  HONEYCOMB PAPER BALL ,693,1308.56
FRENCH BLUE METAL DOOR SIGN No,993,1308.38
SMALL HANGING IVORY/RED WOOD BIRD,2667,1305.25
BOOM BOX SPEAKER BOYS,301,1301.55
ELEPHANT CARNIVAL POUFFE,63,1299.83
6 ROCKET BALLOONS ,1904,1297.1200000000001
CLASSIC FRENCH STYLE BASKET BROWN,304,1296.6100000000001
IVORY KNITTED MUG COSY ,668,1296.23
UNION JACK FLAG LUGGAGE TAG,750,1296.13
SPOTTY PINK DUCK DOORSTOP,289,1295.21
PORCELAIN ROSE SMALL,1607,1295.0
AIRLINE BAG VINTAGE WORLD CHAMPION ,279,1289.49
4 PEAR BOTANICAL DINNER CANDLES,822,1288.34
MAGIC SHEEP WOOL GROWING FROM PAPER,1265,1283.99
"KEY FOB , BACK DOOR ",1832,1280.49
VINTAGE EMBOSSED HEART,973,1280.18
HERB MARKER PARSLEY,1874,1278.6000000000001
SET/6 COLLAGE PAPER PLATES,2421,1278.23
HANGING PHOTO CLIP ROPE LADDER,748,1277.4699999999998
MARIE ANTOINETTE TRINKET BOX SILVER,334,1273.76
FRENCH ENAMEL WATER BASIN,411,1273.11
SET OF 72 SKULL PAPER  DOILIES,884,1271.52
"KEY FOB , FRONT  DOOR ",1975,1270.8200000000002
POTTING SHED CANDLE CITRONELLA,405,1268.1899999999998
BLACK ENCHANTED FOREST PLACEMAT,698,1266.91
ASS FLORAL PRINT MULTI SCREWDRIVER,2758,1264.2
EMBROIDERED RIBBON REEL EMILY ,573,1256.17
ROCKING HORSE GREEN CHRISTMAS ,1393,1255.72
DOLLY GIRL CHILDRENS EGG CUP,951,1253.86
SET OF 4 KNICK KNACK TINS LEAVES ,306,1253.7800000000002
HANGING ENGRAVED METAL HEART,297,1249.1100000000001
WHITE HANGING BEADS CANDLE HOLDER,239,1244.95
MARIE ANTOINETTE TRINKET BOX GOLD,318,1242.6
WHITE GOOSE FEATHER CHRISTMAS TREE ,335,1242.0600000000002
6 RIBBONS SHIMMERING PINKS ,1403,1241.32
GROW YOUR OWN FLOWERS SET OF 3,296,1241.3
SINGLE WIRE HOOK IVORY HEART,884,1238.76
GIN AND TONIC DIET METAL SIGN,498,1237.5
CHRISTMAS RETROSPOT TREE WOOD,1389,1237.08
STAR DECORATION PAINTED ZINC ,4683,1234.67
SET OF 2 CHRISTMAS DECOUPAGE CANDLE,1212,1232.27
CHARLIE AND LOLA TABLE TINS,538,1230.78
HERB MARKER MINT,1757,1224.46
PACK OF 20 SPACEBOY NAPKINS,1538,1222.61
METAL MERRY CHRISTMAS WREATH,639,1222.07
200 RED + WHITE BENDY STRAWS,918,1221.43
IVORY WIRE KITCHEN ORGANISER,121,1220.8200000000002
KITCHEN METAL SIGN,2060,1218.95
PAPER BUNTING VINTAGE PARTY,428,1218.48
FANNY'S REST STOPMETAL SIGN,508,1217.73
WRAP CIRCUS PARADE,2927,1213.34
4 IVORY DINNER CANDLES SILVER FLOCK,541,1213.29
CARDHOLDER GINGHAM STAR,379,1212.82
PINK DIAMANTE PEN IN GIFT BOX,424,1206.97
ORGANISER WOOD ANTIQUE WHITE ,143,1205.3
DRAWER KNOB VINTAGE GLASS STAR,557,1201.04
Next Day Carriage,79,1200.0
SCHOOL DESK AND CHAIR ,19,1199.75
PACK OF 12 PINK POLKADOT TISSUES,4067,1197.73
"KEY FOB , GARAGE DESIGN",1904,1193.46
RIBBON REEL FLORA + FAUNA ,654,1193.0
MEASURING TAPE BABUSHKA BLUE,444,1191.69
SMALL PURPLE BABUSHKA NOTEBOOK ,1690,1190.51
VINTAGE BILLBOARD MUG ,1107,1186.23
HERB MARKER CHIVES ,1721,1184.1200000000001
PINK FAIRY CAKE CUSHION COVER,285,1182.99
WALL ART LOVES' SECRET ,239,1180.35
MUSICAL ZINC HEART DECORATION ,2764,1179.8799999999999
CHERUB HEART DECORATION SILVER ,1356,1177.0
TRIANGULAR POUFFE VINTAGE ,64,1176.6000000000001
NATURAL HANGING QUILTED HEARTS ,1454,1175.3799999999999
S/4 IVORY MINI ROSE CANDLE IN BOWL,806,1174.6299999999999
12 PENCILS TALL TUBE POSY,3812,1173.8999999999999
LARGE ROUND WICKER PLATTER ,195,1173.53
BOOM BOX SPEAKER GIRLS,564,1172.48
FRIDGE MAGNETS LA VIE EN ROSE,1313,1169.8999999999999
LARGE RED BABUSHKA NOTEBOOK ,1097,1168.99
LAVENDER TOILETTE BOTTLE,558,1168.08
ORANGE TV TRAY TABLE ,504,1165.9099999999999
MINI PLAYING CARDS DOLLY GIRL ,2631,1165.13
EMBROIDERED RIBBON REEL DAISY ,579,1164.98
SET OF 2 CERAMIC CHRISTMAS TREES,786,1163.1299999999999
DINOSAUR PARTY BAG + STICKER SET,707,1160.7099999999998
FRENCH BLUE METAL DOOR SIGN 5,844,1160.29
WRAP DOLLY GIRL,2800,1160.0
EGG CUP MILKMAID HEIDI,883,1159.43
LARGE PINK GLASS SUNDAE DISH,1013,1157.8
MINI PLAYING CARDS BUFFALO BILL ,2884,1156.51
DECORATIVE ROSE BATHROOM BOTTLE,1170,1154.17
FRENCH BLUE METAL DOOR SIGN 3,844,1152.81
DECORATIVE CATS BATHROOM BOTTLE,1095,1152.4
MOBILE VINTAGE HEARTS ,250,1151.3
PORCELAIN T-LIGHT HOLDERS ASSORTED,824,1149.02
CUT GLASS HEXAGON T-LIGHT HOLDER,651,1147.4099999999999
BIRDS MOBILE VINTAGE DESIGN,189,1147.27
SET/4 RED MINI ROSE CANDLE IN BOWL,746,1145.73
SET OF 2 TINS VINTAGE BATHROOM ,225,1145.15
APRON MODERN VINTAGE COTTON,494,1143.76
SMALL HAMMERED SILVER CANDLEPOT ,373,1143.3100000000002
SET OF 6 HEART CHOPSTICKS,813,1142.15
AIRLINE BAG VINTAGE JET SET WHITE,254,1141.7
BLUE POLKADOT BEAKER ,2844,1141.3999999999999
FRIDGE MAGNETS LES ENFANTS ASSORTED,1372,1140.97
PAPER LANTERN 9 POINT SNOW STAR,258,1139.5800000000002
MINI PLAYING CARDS SPACEBOY ,2747,1139.2
WOOD STOCKING CHRISTMAS SCANDISPOT,1571,1138.98
RED RETROSPOT TISSUE BOX,2172,1138.2
GREEN ROSE WASHBAG,324,1136.6
SET OF 36 DOILIES SPACEBOY DESIGN ,817,1135.3999999999999
PIN CUSHION BABUSHKA PINK,439,1135.18
"WHITE TEA,COFFEE,SUGAR JARS",622,1134.5
STAR DECORATION RUSTIC,2454,1134.45
ANGEL DECORATION STARS ON DRESS,2653,1134.25
MINI JIGSAW DOLLY GIRL,2921,1130.58
CANDY SPOT CUSHION COVER,339,1129.99
ASSORTED CREEPY CRAWLIES,2669,1127.23
WOOD STAMP SET FLOWERS,1009,1124.04
CARD PSYCHEDELIC APPLES,2640,1123.8799999999999
SET OF 6 KASHMIR FOLKART BAUBLES,711,1121.9099999999999
TEA TIME DES TEA COSY,390,1121.82
PENS ASSORTED FUNKY JEWELED ,5247,1121.48
CHRISTMAS HANGING TREE WITH BELL,1966,1119.56
MINI PLAYING CARDS GYMKHANA,2522,1119.22
LARGE CAKE STAND HANGING HEARTS,233,1118.95
 TRELLIS COAT RACK,227,1118.6100000000001
PACK OF 12 PINK PAISLEY TISSUES ,3473,1116.9499999999998
RED FLOWER CROCHET FOOD COVER,304,1116.89
TRAVEL CARD WALLET UNION JACK,2595,1115.93
CARD SUKI BIRTHDAY,2639,1114.81
EMBROIDERED RIBBON REEL SUSIE ,566,1114.26
LARGE PURPLE BABUSHKA NOTEBOOK  ,1197,1112.75
HOME GARLAND PAINTED ZINC ,997,1111.58
50'S CHRISTMAS PAPER GIFT BAG,1352,1108.8899999999999
HANGING QUILTED PATCHWORK APPLES,1258,1108.58
GROW YOUR OWN PLANT IN A CAN ,839,1107.87
BLACK CANDELABRA T-LIGHT HOLDER,941,1106.88
SMALL SQUARE CUT GLASS CANDLESTICK,187,1106.54
CARD GINGHAM ROSE ,2717,1106.17
ROSE 1 WICK MORRIS BOXED CANDLE,758,1104.8600000000001
"BIRTHDAY CARD, RETRO SPOT",2608,1104.81
CAKE STAND LOVEBIRD 2 TIER PINK,131,1104.54
PAINTED METAL STAR WITH HOLLY BELLS,1917,1102.81
SILVER PLATE CANDLE BOWL SMALL,348,1101.2800000000002
TEA COSY RED  STRIPE,370,1093.6
ZINC  HEART T-LIGHT HOLDER,868,1090.66
PRETTY HANGING QUILTED HEARTS,1278,1090.02
GLITTER HEART DECORATION,2470,1088.98
SILVER HEARTS TABLE DECORATION,1288,1086.6499999999999
POLKA DOT RAFFIA FOOD COVER,290,1085.32
BOHEMIAN COLLAGE STATIONERY SET,635,1080.82
SET/4 SKULL BADGES,914,1080.0
YELLOW METAL CHICKEN HEART ,721,1079.67
"FEATHER PEN,LIGHT PINK",2071,1079.34
I LOVE LONDON BEAKER,860,1077.3
VINTAGE UNION JACK SHOPPING BAG,225,1077.03
"HOOK, 1 HANGER ,MAGIC GARDEN",1263,1070.85
STRIPEY CHOCOLATE NESTING BOXES,358,1070.26
PING MICROWAVE APRON,509,1069.1699999999998
VINTAGE BEAD PINK PURSE ,981,1068.32
GLITTER CHRISTMAS STAR ,2473,1067.82
DRAWER KNOB CERAMIC RED,720,1067.6
CHOCOLATE 3 WICK MORRIS BOX CANDLE,621,1066.82
"METAL SIGN,CUPCAKE SINGLE HOOK",1204,1064.55
FRENCH LAVENDER SCENT HEART,1079,1064.44
EMBROIDERED RIBBON REEL SOPHIE  ,297,1062.35
DECORATIVE WICKER HEART SMALL,1596,1062.28
TRAVEL CARD WALLET SUKI,2389,1062.0
BLUE POT PLANT CANDLE ,299,1060.9
PINK METAL CHICKEN HEART ,717,1059.67
BALLOON ART MAKE YOUR OWN FLOWERS,1022,1058.69
LOCAL CAFE MUG,676,1057.71
HOME SWEET HOME 3 PEG HANGER ,272,1057.28
DOLLY GIRL WALL ART,318,1055.94
DISCO BALL ROTATOR BATTERY OPERATED,249,1055.25
SET OF 6 STRAWBERRY CHOPSTICKS,801,1054.44
PLACE SETTING WHITE STAR,2408,1053.5
LARGE CHINESE STYLE SCISSOR,1273,1053.45
HANGING CLEAR MINI BOTTLE,1734,1051.14
LOVE HEART TRINKET POT,2255,1051.05
SLEEPING CAT ERASERS,4994,1048.56
VINTAGE KID DOLLY CARD ,2490,1046.98
HOME SWEET HOME BOTTLE ,474,1045.8
70'S ALPHABET WALL ART,150,1043.1
HEART STRING MEMO HOLDER HANGING,875,1042.78
RED HEARTS LIGHT CHAIN ,503,1042.66
WRAP  VINTAGE DOILY ,2474,1039.08
SET OF 6 T-LIGHTS EASTER CHICKS,345,1038.8700000000001
"ART LIGHTS,FUNK MONKEY",370,1037.54
GLITTER STAR GARLAND WITH BELLS ,251,1037.05
MAGNETS PACK OF 4 VINTAGE COLLAGE,1723,1035.58
RAINY LADIES BIRTHDAY CARD,2430,1033.81
ZINC HEART FLOWER T-LIGHT HOLDER,795,1033.28
EMPIRE TISSUE BOX,1991,1033.22
KIDS RAIN MAC BLUE,1297,1032.6399999999999
EASTER TIN CHICKS PINK DAISY,598,1032.62
GREY FLORAL FELTCRAFT SHOULDER BAG,266,1031.69
CHRISTMAS TREE STAR DECORATION,2390,1031.56
JIGSAW TREE WITH BIRDHOUSE,1000,1029.76
SKULLS  STICKERS,1140,1028.58
PURPLE PAPER PARASOL,314,1025.94
3D DOG PICTURE PLAYING CARDS,341,1025.5700000000002
PACK OF 12 SPACEBOY TISSUES,3034,1024.8999999999999
FRENCH BLUE METAL DOOR SIGN 4,741,1024.28
IVORY ENCHANTED FOREST PLACEMAT,514,1023.0
SANDWICH BATH SPONGE,719,1022.8
3D HEARTS  HONEYCOMB PAPER GARLAND,326,1021.9000000000001
HEART MINI PORTRAIT FRAME,518,1021.76
ZINC SWEETHEART WIRE LETTER RACK,263,1020.69
FRENCH GARDEN SIGN BLUE METAL,794,1019.83
CAST IRON HOOK GARDEN TROWEL,386,1018.19
WALL ART MID CENTURY MODERN ,164,1015.78
WALL ART BUFFALO BILL ,335,1014.8500000000001
4 LILY  BOTANICAL DINNER CANDLES,528,1013.01
TOAST ITS - BEST MUM,801,1010.21
WHITE HEART CONFETTI IN TUBE,1029,1008.4699999999999
POCKET BAG BLUE PAISLEY RED SPOT,834,1007.15
SWEETHEART WALL TIDY ,108,1007.0799999999999
SET/3 CHRISTMAS DECOUPAGE CANDLES,893,1006.27
CHERRY CROCHET FOOD COVER,264,1004.39
BOUDOIR SQUARE TISSUE BOX,1994,1003.19
PACK OF 6 COCKTAIL PARASOL STRAWS,2506,1002.54
WICKER WREATH SMALL,741,1001.49
TOAST ITS - I LOVE YOU ,794,998.83
WALL ART GARDEN HAVEN ,215,998.64
SET/3 DECOUPAGE STACKING TINS,194,997.47
BROWN  PIRATE TREASURE CHEST ,416,996.8
EMBROIDERED RIBBON REEL REBECCA ,334,996.38
MISELTOE HEART WREATH CREAM,240,996.0000000000001
MINI FUNKY DESIGN TAPES,1296,994.84
5 HOOK HANGER MAGIC TOADSTOOL,640,994.3799999999999
ASSORTED TUTTI FRUTTI SMALL PURSE,737,992.79
BOX OF 9 PEBBLE CANDLES,486,988.18
FOLDING BUTTERFLY MIRROR RED  ,1262,985.88
VINTAGE BEAD PINK SCARF ,451,985.8399999999999
SET OF 3 BIRD LIGHT PINK FEATHER ,1862,984.5699999999999
SMALL GLASS SUNDAE DISH CLEAR,739,984.4699999999999
EMBROIDERED RIBBON REEL RACHEL ,362,983.3000000000001
SET OF 2 TINS JARDIN DE PROVENCE,253,980.7
SET OF 6 CAKE CHOPSTICKS,641,979.48
ASSORTED EASTER GIFT TAGS,1159,977.7599999999999
EMBROIDERED RIBBON REEL SALLY ,478,977.39
EMBROIDERED RIBBON REEL ROSIE,501,977.3199999999999
CREAM SWEETHEART LETTER RACK,215,976.25
FRENCH BLUE METAL DOOR SIGN 6,710,973.15
"SWISS ROLL TOWEL, PINK  SPOTS",653,971.44
WHITE SOAP RACK WITH 2 BOTTLES,172,969.8000000000001
GOLD MUG BONE CHINA TREE OF LIFE,770,969.64
WOOD STAMP SET HAPPY BIRTHDAY,950,968.3699999999999
PARTY INVITES WOODLAND,1157,968.2099999999999
CHRISTMAS MUSICAL ZINC STAR,1953,967.7599999999999
MOTHER'S KITCHEN SPOON REST ,226,967.17
IVORY HANGING DECORATION  BIRD,1116,966.78
SET OF 4 FAIRY CAKE PLACEMATS ,519,965.41
ENGLISH ROSE SPIRIT LEVEL ,978,964.38
WHITE HEARTS WIRE PLANT POT HOLDER,343,963.27
HI TEC ALPINE HAND WARMER,845,962.9599999999999
MINI JIGSAW CIRCUS PARADE ,2519,960.86
WOOD STAMP SET BEST WISHES,1019,959.6999999999999
ZINC HEART LATTICE T-LIGHT HOLDER,717,958.57
TRAVEL CARD WALLET RETROSPOT,2197,958.2
GOLD MINI TAPE MEASURE ,1236,958.06
SMALL CHOCOLATES PINK BOWL,1860,957.3
WALL ART DOLLY GIRL ,319,956.0500000000002
PACK OF 12 VINTAGE DOILY TISSUES,2272,955.42
FELT EGG COSY CHICKEN,1027,953.8599999999999
SOFT PINK ROSE TOWEL ,273,952.83
DANISH ROSE ROUND SEWING BOX,811,951.79
SCOTTIE DOGS BABY BIB,1993,951.1099999999999
ADULT APRON APPLE DELIGHT,185,950.83
MEDIUM MEDINA STAMPED METAL BOWL ,310,948.7000000000002
EASTER TIN BUCKET,408,946.93
BLUE PAPER PARASOL ,321,946.83
HAPPY EASTER HANGING DECORATION,244,945.9499999999999
"ELEPHANT, BIRTHDAY CARD, ",2210,945.46
JAM CLOCK MAGNET,330,943.9200000000001
WRAP GINGHAM ROSE ,2276,943.92
3 GARDENIA MORRIS BOXED CANDLES,504,940.02
MAGIC GARDEN FELT GARLAND ,419,939.3699999999999
RED LOVE HEART SHAPE CUP,1038,939.03
VINTAGE BEAD PINK EVENING BAG,619,937.25
EASTER TREE YELLOW BIRDS,132,935.39
BLUE POLKADOT WASHING UP GLOVES,414,935.1500000000001
WALL ART THE MAGIC FOREST ,148,933.16
DOLLY MIXTURE CHILDREN'S UMBRELLA,270,932.42
"NURSERY A,B,C PAINTED LETTERS",198,932.4
MINI CAKE STAND T-LIGHT HOLDER,1872,931.02
LARGE MEDINA STAMPED METAL BOWL ,182,930.96
CLOCK MAGNET MUM'S KITCHEN,324,930.48
TEA PARTY  WRAPPING PAPER ,2250,929.0
MIRROR MOSAIC T-LIGHT HOLDER ROUND,1260,928.04
FRENCH CARRIAGE LANTERN,137,925.35
TRAVEL CARD WALLET SKULLS,2145,925.29
SILVER T-LIGHT SETTING,143,924.29
ANIMALS AND NATURE WALL ART,267,923.97
PINK DOG BOWL,549,922.89
PORCELAIN BUTTERFLY OIL BURNER,265,921.87
VANILLA INCENSE IN TIN,2084,920.67
CHRISTMAS TREE HEART DECORATION,2125,920.4
IVORY PILLAR CANDLE SILVER FLOCK,452,919.94
POLKADOT RAIN HAT ,1940,918.25
EGG FRYING PAN RED ,431,915.4000000000001
WOVEN ROSE GARDEN CUSHION COVER ,217,912.03
 NINE DRAWER OFFICE TIDY,59,909.37
POTTING SHED SEED ENVELOPES,597,908.33
TRAVEL CARD WALLET PANTRY,2011,906.9399999999999
TEA TIME TEA SET IN GIFT BOX,133,906.83
CHILDS GARDEN BRUSH PINK,411,906.7500000000001
TOMATO CHARLIE+LOLA COASTER SET,512,905.55
WALL ART WORK REST AND PLAY  ,210,901.58
BEADED PEARL HEART WHITE ON STICK,996,901.48
JOY WOODEN BLOCK LETTERS,232,901.46
MIRROR MOSAIC HURRICANE LAMP ,349,898.38
PINK FLOWER CROCHET FOOD COVER,237,897.8
COSMETIC BAG VINTAGE ROSE PAISLEY,417,897.74
FRENCH BLUE METAL DOOR SIGN 7,677,896.75
HIPPY CHIC DECORATIVE PARASOL,169,896.01
BAKING MOULD ROSE WHITE CHOCOLATE,279,895.97
GUMBALL MONOCHROME COAT RACK,620,895.72
SUNFLOWER DECORATIVE PARASOL,125,895.46
CHEST 7 DRAWER MA CAMPAGNE,36,895.38
CARD PARTY GAMES ,2141,893.51
FAIRY CAKES NOTEBOOK A7 SIZE,2107,892.19
BIRDHOUSE DECORATION MAGIC GARDEN,714,891.99
STAR PORTABLE TABLE LIGHT ,300,890.6
DANISH ROSE FOLDING CHAIR,112,890.4000000000001
WHITE HONEYCOMB PAPER GARLAND ,355,888.67
PINK  HEART CONFETTI IN TUBE,966,888.3299999999999
MULTICOLOUR HONEYCOMB FAN,1224,886.24
SPACEBOY WALL ART,306,885.9000000000001
CHILDRENS GARDEN GLOVES BLUE,642,883.1999999999999
FIVE CATS HANGING DECORATION,287,882.6200000000001
BIRD DECORATION RED RETROSPOT,917,881.3299999999999
SEWING SUSAN 21 NEEDLE SET,918,880.4699999999999
WIRE EGG BASKET ,114,880.23
PLAYING CARDS VINTAGE DOILY ,701,880.16
TEA COSY BLUE STRIPE,250,877.38
PANTRY 3 HOOK ROLLING PIN HANGER,219,876.9
SMALL SILVER FLOWER CANDLE POT,290,875.3800000000001
BLUE POLKADOT COFFEE MUG,2066,874.29
PARTY PIZZA DISH RED RETROSPOT,1977,873.9
FELTCRAFT HAIRBANDS PINK AND WHITE ,934,873.52
FRENCH BLUE METAL DOOR SIGN 8,644,871.49
URBAN BLACK RIBBONS ,849,870.35
REINDEER HEART DECORATION GOLD,994,869.9799999999999
DAISIES  HONEYCOMB GARLAND ,499,868.4399999999999
FOLDING UMBRELLA CREAM POLKADOT,191,868.0600000000001
WRAP RED VINTAGE DOILY,2100,866.0
BLACK PIRATE TREASURE CHEST,531,863.38
RELAX LARGE WOOD LETTERS,130,860.23
HOT BATHS SOAP HOLDER,494,859.0
RED RETROSPOT TAPE,1903,858.7800000000001
RED DRAGONFLY HELICOPTER,106,856.38
PAINTED METAL HEART WITH HOLLY BELL,1373,854.74
WHITE BAMBOO RIBS LAMPSHADE,976,854.4599999999999
BUFFALO BILL WALL ART ,248,852.72
CHARLIE & LOLA WASTEPAPER BIN BLUE,667,852.04
FAIRY CAKES NOTEBOOK A6 SIZE,1332,850.2
MAGIC TREE -PAPER FLOWERS,919,849.55
WRAP COWBOYS  ,2057,847.94
MIRROR MOSAIC GOBLET CANDLE HOLDER,574,847.82
MAGIC DRAWING SLATE DINOSAUR,1931,844.84
LOVE HEART NAPKIN BOX ,175,843.95
SET OF 4 FAIRY CAKE PLACEMATS,222,843.34
EGG CUP MILKMAID INGRID,644,841.31
HEART GARLAND RUSTIC PADDED,264,841.24
PACK OF 12 PAISLEY PARK TISSUES ,1843,841.01
ASSTD MULTICOLOUR CIRCLES MUG,1579,840.47
FRENCH PAISLEY CUSHION COVER ,575,840.4399999999999
SMALL REGAL  SILVER CANDLEPOT ,307,840.33
PAPER POCKET TRAVELING FAN ,6591,840.0200000000001
WASH BAG VINTAGE ROSE PAISLEY,290,838.86
FELT TOADSTOOL LARGE,657,836.8000000000001
SET 6 FOOTBALL CELEBRATION CANDLES,660,834.73
BLUE CALCULATOR RULER,657,833.49
TREASURE AHOY WALL ART,270,833.46
FELTCRAFT HAIRBAND RED AND BLUE,921,833.0699999999999
T-LIGHT HOLDER HANGING LACE,840,832.51
MIRROR MOSAIC T-LIGHT HOLDER ,1622,831.84
ASSORTED TUTTI FRUTTI PEN,2472,831.0199999999999
WHITE CHRISTMAS GARLAND STARS TREES,225,830.03
PINK STITCHED WALL CLOCK,679,828.24
MEASURING TAPE BABUSHKA RED,290,827.82
LOVE GARLAND PAINTED ZINC ,453,827.6299999999999
DECORATION WHITE CHICK MAGIC GARDEN,944,826.46
APOTHECARY MEASURING JAR,67,826.28
ETCHED GLASS COASTER,1618,825.49
SET OF 4 POLKADOT PLACEMATS ,174,824.91
MOTORING TISSUE BOX,1835,824.08
HANGING SPRING FLOWER EGG LARGE,948,823.7399999999999
MORE BUTTER METAL SIGN ,761,823.71
CHRISTMAS DECOUPAGE CANDLE,1845,821.98
SMALL POLKADOT CHOCOLATE GIFT BAG ,943,819.64
FRENCH STYLE STORAGE JAR CAFE ,1982,819.4599999999999
WHITE STITCHED WALL CLOCK,847,813.29
IVORY LOVE BIRD CANDLE,812,813.02
RETRO PLASTIC ELEPHANT TRAY,1105,812.53
GARDENIA 3 WICK MORRIS BOXED CANDLE,281,811.99
SMALL BONNE JAM JAR  T-LIGHT HOLDER,422,808.16
KIDS RAIN MAC PINK,928,806.1999999999999
CARAVAN SQUARE TISSUE BOX,1446,804.65
HEART SHAPE WIRELESS DOORBELL,447,802.13
PHOTO FRAME LINEN AND LACE LARGE,215,801.6800000000001
WRAP GREEN PEARS ,1908,801.36
MINI JIGSAW PURDEY,2104,800.4
HORSE & PONY WALL ART,256,797.3100000000001
PINK HORSE SOCK PUPPET,262,797.1400000000001
SET/6 PINK BIRD T-LIGHT CANDLES,451,796.99
SWEET HEART CAKE CARRIER,80,795.5799999999999
SET/6 FROG PRINCE T-LIGHT CANDLES,479,795.02
FELTCRAFT HAIRBAND PINK AND PURPLE,879,794.88
TOXIC AREA  DOOR HANGER ,1465,794.15
EGG FRYING PAN IVORY ,378,792.86
ZINC HEARTS PLANT POT HOLDER,283,792.47
EMBROIDERED RIBBON REEL CLAIRE,224,792.31
NOEL GARLAND PAINTED ZINC ,1411,792.28
SKULLS GREETING CARD,1915,788.97
EGG CUP HENRIETTA HEN CREAM ,630,787.52
WOODLAND  STICKERS,868,786.31
CHERRY BLOSSOM DECORATIVE FLASK,195,785.95
RED APPLES CHOPPING BOARD   ,155,785.1700000000001
SALLE DE BAIN HOOK,553,783.8199999999999
MOODY GIRL DOOR HANGER ,1474,783.8199999999999
BLACK BAROQUE WALL CLOCK ,84,783.68
CHILDS GARDEN BRUSH BLUE,363,783.5400000000001
"BLACK TEA,COFFEE,SUGAR JARS",453,783.3499999999999
CINAMMON SET OF 9 T-LIGHTS,871,782.5
FRENCH BLUE METAL DOOR SIGN 0,594,780.8
SILK PURSE BABUSHKA RED,223,779.1500000000001
BUNNY WOODEN PAINTED WITH BIRD ,1001,778.63
PACK OF 12 BLUE PAISLEY TISSUES ,2301,777.67
ROMANTIC IMAGES GIFT WRAP SET,790,777.1400000000001
TOOTHPASTE TUBE PEN,1274,776.75
GARDENIA 1 WICK MORRIS BOXED CANDLE,225,775.93
FRENCH FLORAL CUSHION COVER ,674,774.79
FELTCRAFT HAIRBAND PINK AND BLUE,856,774.55
CARROT CHARLIE+LOLA COASTER SET,472,774.55
CHILDS GARDEN FORK BLUE ,932,774.29
SET/6 COLLAGE PAPER CUPS,2610,773.14
BLUE/CREAM STRIPE CUSHION COVER ,623,771.15
4 WILDFLOWER BOTANICAL CANDLES,406,770.87
PINK LOVE HEART SHAPE CUP,816,770.73
TALL ROCOCO CANDLE HOLDER,93,770.59
BIRDCAGE DECORATION TEALIGHT HOLDER,650,770.32
SMALL ROUND CUT GLASS CANDLESTICK,163,770.2900000000001
DAIRY MAID TOASTRACK,777,769.57
WRAP BILLBOARD FONTS DESIGN,1831,769.02
GINGHAM ROSE WRAP,1829,768.18
TRIPLE WIRE HOOK IVORY HEART,182,766.1
RING OF ROSES BIRTHDAY CARD,1847,766.09
TRAVEL CARD WALLET FLOWER MEADOW,1764,765.27
CUSHION COVER PINK UNION JACK,123,764.63
FOLDING UMBRELLA BLACKBLUE POLKADOT,160,763.6600000000001
WRAP ALPHABET POSTER  ,1855,763.1
DOLLY CABINET 3 DRAWERS ,51,762.4499999999999
MINI PAINTED GARDEN DECORATION ,2476,761.4
DRAWER KNOB VINTAGE GLASS BALL,350,760.8000000000001
BEADED CRYSTAL HEART GREEN LARGE,834,760.4300000000001
COCKTAIL SWORDS 50 PIECES,936,760.4
WALL ART HORSE & PONY ,225,760.32
ASSORTED INCENSE PACK,4032,760.3199999999999
SCENTED VELVET LOUNGE CANDLE ,1790,760.15
INFLATABLE POLITICAL GLOBE ,860,759.89
GLITTER CHRISTMAS TREE WITH BELLS,740,759.44
SMALL YELLOW BABUSHKA NOTEBOOK ,1011,758.98
RED TEA TOWEL CLASSIC DESIGN,631,757.21
PACK OF 12 STICKY BUNNIES,998,755.83
DOVE DECORATION PAINTED ZINC ,2383,754.4100000000001
MINT GREEN ROSE TOWEL,196,754.07
CHRISTMAS TREE HANGING SILVER ,803,751.8499999999999
SET OF 2 ROUND TINS CAMEMBERT ,283,751.7700000000001
CHILDS GARDEN FORK PINK,865,751.66
18PC WOODEN CUTLERY SET DISPOSABLE,567,751.38
KENSINGTON COFFEE SET,57,751.17
SET OF 6 GIRLS CELEBRATION CANDLES,593,750.2
BLACK STITCHED WALL CLOCK,711,749.94
ZINC FINISH 15CM PLANTER POTS,601,748.34
BLACK TEA TOWEL CLASSIC DESIGN,827,748.08
BIRD DECORATION GREEN POLKADOT,820,747.81
BLOSSOM IMAGES GIFT WRAP SET,798,747.7900000000001
IVORY PAPER CUP CAKE CASES ,1089,745.45
FELT FARM ANIMAL RABBIT,912,743.89
200 BENDY SKULL STRAWS,661,743.62
ASSORTED TUTTI FRUTTI MIRROR,550,743.31
FOLDING BUTTERFLY MIRROR IVORY ,794,742.92
PAPERWEIGHT VINTAGE COLLAGE,512,741.98
SWALLOW SQUARE TISSUE BOX,1610,739.57
FELT FARM ANIMAL WHITE BUNNY ,1563,738.68
VINTAGE LEAF CHOPPING BOARD  ,149,737.95
HEARTS  STICKERS,835,737.8399999999999
3 RAFFIA RIBBONS VINTAGE CHRISTMAS,827,734.7900000000001
SET/5 RED SPOTTY LID GLASS BOWLS,288,734.4
DECORATION  BUTTERFLY  MAGIC GARDEN,821,732.65
TEATIME FUNKY FLOWER BACKPACK FOR 2,66,732.2299999999999
MAGNETS PACK OF 4 HOME SWEET HOME,1400,731.82
"WRAP, BILLBOARD FONTS DESIGN",1951,731.42
ROSE SCENT CANDLE JEWELLED DRAWER,531,730.97
GIFT BAG PSYCHEDELIC APPLES,1183,730.47
SET OF 6 RIBBONS PERFECTLY PRETTY  ,253,730.37
RED POLKADOT COFFEE  MUG,1532,729.6
PINK SWEETHEART BRACELET,176,729.57
ASSORTED EASTER DECORATIONS  BELLS,569,729.57
FRENCH BLUE METAL DOOR SIGN 9,533,728.57
JAZZ HEARTS ADDRESS BOOK,3194,727.46
CARD CAT AND TREE ,1657,727.31
S/15 SILVER GLASS BAUBLES IN BAG,558,725.52
STARS GIFT TAPE ,1653,725.4200000000001
BEADED CRYSTAL HEART PINK ON STICK,850,725.26
SUNSET COLOUR CHUNKY KNITTED THROW,60,720.93
CURIOUS IMAGES GIFT WRAP SET,685,719.84
CORONA MEXICAN TRAY,172,719.69
SQUARE CHERRY BLOSSOM CABINET,129,719.5500000000001
CHRISTMAS TREE HANGING GOLD,799,718.53
FLOOR CUSHION ELEPHANT CARNIVAL,69,718.14
DOG TOY WITH PINK CROCHET SKIRT,189,717.21
BANQUET BIRTHDAY  CARD  ,1656,717.12
RETRO MOD TRAY,800,717.11
DECORATIVE FLORE BATHROOM BOTTLE,515,716.86
FRYING PAN BLUE POLKADOT,193,716.8
PAPER LANTERN 7 POINT SNOW STAR,103,711.51
BLUE ROSE FABRIC MIRROR,598,710.95
DANISH ROSE DECORATIVE PLATE,951,710.64
MADRAS NOTEBOOK MEDIUM,919,709.66
EDWARDIAN HEART PHOTO FRAME,160,709.5400000000001
PINK HAWAIIAN PICNIC HAMPER FOR 2,78,709.2399999999999
ANTIQUE GLASS HEART DECORATION ,328,709.18
COSY SLIPPER SHOES SMALL GREEN,256,708.98
LARGE STRIPES CHOCOLATE GIFT BAG,567,708.75
CHILDS GARDEN SPADE BLUE,303,706.5500000000001
PANTRY APPLE CORER,472,705.5799999999999
TOAST ITS - FAIRY FLOWER,643,704.55
RECYCLED PENCIL WITH RABBIT ERASER,3104,702.96
CREAM SLICE FLANNEL CHOCOLATE SPOT ,237,702.51
BRIGHT BLUES RIBBONS ,551,702.41
BLACK WINE GLASS,1672,699.96
STEEL SWEETHEART ROUND TABLE CREAM,41,699.63
PASTEL COLOUR HONEYCOMB FAN,940,697.77
MR ROBOT SOFT TOY,216,697.7
SCANDINAVIAN 3 HEARTS NAPKIN RING,1932,696.8
PACK OF 6 SMALL FRUIT STRAWS,1716,695.41
SILVER JEWELLED MIRROR TRINKET TRAY,95,695.23
FRENCH STYLE STORAGE JAR BONBONS,2338,695.06
VINTAGE RED MUG,703,694.72
ASSORTED TUTTI FRUTTI BRACELET,2550,692.85
RATTLE SNAKE EGGS,815,691.85
CANDY HEART HANGING DECORATION,1318,690.52
SMALL SILVER TRELLIS CANDLEPOT,230,690.1000000000001
MAGNETS PACK OF 4 VINTAGE LABELS ,1323,689.67
GLASS SPHERE CANDLE STAND MEDIUM,112,689.53
RED CHARLIE+LOLA PERSONAL DOORSIGN,1301,688.91
BLUE POLKADOT KIDS BAG,286,688.3
SQUARE FLOOR CUSHION VINTAGE RED,73,687.95
VINTAGE KEEPSAKE BOX PARIS DAYS,112,686.86
PAPER BUNTING PAISLEY PARK,251,684.97
DO NOT TOUCH MY STUFF DOOR HANGER ,1201,684.62
WOVEN BERRIES CUSHION COVER ,162,683.8
CHRISTMAS TREE PAINTED ZINC ,2468,683.3100000000001
BLOSSOM  IMAGES NOTEBOOK SET,512,682.97
CERAMIC BOWL WITH LOVE HEART DESIGN,588,682.01
HAND OPEN SHAPE GOLD,199,681.59
RUSTIC STRAWBERRY JAM POT SMALL,426,681.54
LOVE HEART SOCK HANGER,379,680.93
MULTICOLOUR 3D BALLS GARLAND,253,677.1899999999999
SET OF 6 T-LIGHTS WEDDING CAKE ,260,677.0400000000001
WHITE TRAVEL ALARM CLOCK,280,676.27
IVORY RETRO KITCHEN WALL CLOCK,77,675.91
TRAVEL CARD WALLET RETRO PETALS,1545,674.53
EASTER DECORATION EGG BUNNY ,836,673.17
CINAMMON & ORANGE WREATH,104,672.88
WOVEN BUBBLE GUM CUSHION COVER,160,672.6
GREEN GOOSE FEATHER CHRISTMAS TREE ,187,672.09
SET/4 COLOURFUL MIXING BOWLS,71,671.93
PINK BUTTERFLY HANDBAG W BOBBLES,162,671.62
COOKING SET RETROSPOT,69,671.53
MAGIC DRAWING SLATE BUNNIES ,1766,671.01
MILK PAN BLUE POLKADOT,197,669.54
CERAMIC PLATE STRAWBERRY DESIGN,584,667.92
LARGE BONNE JAM JAR  T-LIGHT HOLDER,255,667.8500000000001
ENGLISH ROSE SCENTED HANGING FLOWER,549,665.95
BLUE PAISLEY JOURNAL ,253,663.7099999999999
LARGE HANGING IVORY & RED WOOD BIRD,977,663.4300000000001
S/12 VANILLA  BOTANICAL T-LIGHTS,227,661.9300000000001
WRAP FLOWER SHOP  ,1575,661.5
SILK PURSE BABUSHKA BLUE,195,661.11
PEARLISED IVORY HEART LARGE ,418,661.02
PACK OF 12 CIRCUS PARADE TISSUES ,2075,660.7299999999999
LARGE YELLOW BABUSHKA NOTEBOOK ,599,656.52
PIN CUSHION BABUSHKA RED,201,656.4300000000001
RED RETROSPOT LUGGAGE TAG,434,653.36
WHITE BELL HONEYCOMB PAPER GARLAND ,371,651.75
CHERUB HEART DECORATION GOLD,738,649.02
CHILDRENS GARDEN GLOVES PINK,489,648.97
MAGIC DRAWING SLATE BAKE A CAKE ,1787,646.49
CARD WEDDING DAY,1543,645.64
SMALL SKULL WINDMILL,485,645.61
CHOC TRUFFLE GOLD TRINKET POT ,412,645.2199999999999
BASKET OF FLOWERS SEWING KIT,813,645.06
PHOTO FRAME LINEN AND LACE SMALL,310,644.8000000000001
ENCHANTED BIRD PLANT CAGE,187,644.47
ASSORTED TUTTI FRUTTI  FOB NOTEBOOK,662,644.03
NAMASTE SWAGAT INCENSE,2427,643.14
"CHRISTMAS GARLAND STARS,TREES",181,641.58
PAPERWEIGHT SAVE THE PLANET,338,641.55
ENAMEL PINK COFFEE CONTAINER,634,640.92
12 RED ROSE PEG PLACE SETTINGS,457,640.92
LARGE WHITE/PINK ROSE ART FLOWER,360,639.36
ASSTD FRUIT+FLOWERS FRIDGE MAGNETS,2412,637.5600000000001
JARDIN ETCHED GLASS FRUITBOWL,124,635.74
VINTAGE JINGLE BELLS WREATH,76,635.38
"BUNTING , SPOTTY ",146,634.7
NURSE'S BAG SOFT TOY,70,634.53
MAGNETS PACK OF 4 RETRO PHOTO,1232,634.43
PINK/PURPLE RETRO RADIO,222,634.07
SHOE SHINE BOX ,57,633.0699999999999
BISCUITS SMALL BOWL LIGHT BLUE,1256,632.26
OVAL  MINI PORTRAIT FRAME,324,631.5799999999999
THREE MINI HANGING FRAMES,147,630.75
LAUREL HEART ANTIQUE GOLD,525,630.73
FENG SHUI PILLAR CANDLE,3317,630.23
COCKLE SHELL DISH,340,629.8000000000001
SMALL APOTHECARY MEASURING JAR ,81,629.0500000000001
PINK POT PLANT CANDLE,204,628.7900000000001
DRAWER KNOB VINTAGE GLASS HEXAGON,295,627.95
SIX DRAWER OFFICE TIDY,66,626.74
BLACK CHAMPAGNE GLASS,1529,626.55
SEASIDE FLYING DISC,505,626.53
BLACK MINI TAPE MEASURE ,623,625.8
BLACK DINER WALL CLOCK,66,625.6899999999999
PINK UNION JACK  PASSPORT COVER ,274,625.23
WOODLAND STORAGE BOX SMALL,256,624.58
EGG CUP NATURAL CHICKEN,933,622.74
VINTAGE CARAVAN GREETING CARD ,1464,622.36
SMALL MEDINA STAMPED METAL BOWL ,783,622.3
CHILDS GARDEN TROWEL BLUE ,719,622.0999999999999
PARTY CONES CANDY DECORATION,454,621.96
STORAGE TIN HOME SWEET HOME,275,621.44
GARDEN PATH JOURNAL,247,621.1899999999999
MUM'S KITCHEN CLOCK,122,621.09
METAL SIGN HIS DINNER IS SERVED,575,620.42
KITCHEN FLOWER POTS WALL PLAQUE,116,619.59
SWEETHEART CREAM STEEL TABLE RECT,27,618.66
WALL ART SPACEBOY,173,618.59
HANGING METAL RABBIT DECORATION,475,618.2
CHOCOLATE 1 WICK MORRIS BOX CANDLE,370,617.9
BIRTHDAY PARTY CORDON BARRIER TAPE,478,617.11
BATHROOM METAL SIGN ,438,613.14
LARGE APOTHECARY MEASURING JAR ,51,612.1600000000001
LIPSTICK PEN BABY PINK,1334,611.72
HANGING BAUBLE T-LIGHT HOLDER SMALL,269,611.57
ABSTRACT CIRCLES SKETCHBOOK ,144,610.8100000000001
BLUE FELT EASTER EGG BASKET,365,610.4499999999999
PARTY CONES CANDY TREE DECORATION,740,609.56
CHILDS GARDEN SPADE PINK,266,608.95
GLASS JAR KINGS CHOICE,184,608.72
SET/6 EAU DE NIL BIRD T-LIGHTS,335,608.53
JIGSAW RABBIT AND BIRDHOUSE,597,607.7299999999999
VINTAGE POST OFFICE CABINET,11,607.6500000000001
FOLDING UMBRELLA CHOCOLATE POLKADOT,133,607.23
SET/12 TAPER CANDLES,607,605.89
CHRISTMAS GINGHAM HEART,649,605.8
TRAVEL CARD WALLET VINTAGE LEAF,1415,605.78
PINK NEW BAROQUECANDLESTICK CANDLE,478,605.48
JIGSAW TOADSTOOLS 3 PIECE,690,604.4599999999999
EMBROIDERED RIBBON REEL RUBY ,168,604.3
FELT TOADSTOOL  SMALL,629,602.63
MOODY BOY  DOOR HANGER ,1127,602.18
ROSE FOLKART HEART DECORATIONS,462,600.93
12 DAISY PEGS IN WOOD BOX,349,600.8699999999999
ENVELOPE 50 BLOSSOM IMAGES,1077,600.29
SWISS CHALET TREE DECORATION ,1385,598.8199999999999
EASTER DECORATION HANGING BUNNY,1888,596.5
SET OF 4 NAPKIN CHARMS STARS   ,269,596.36
ORIGAMI JASMINE INCENSE/CANDLE SET,525,595.85
SMALL STRIPES CHOCOLATE GIFT BAG ,867,594.51
PACK OF 12 DOLLY GIRL TISSUES,1354,593.62
SET OF PICTURE FRAME  STICKERS,135,593.37
BUNNY DECORATION MAGIC GARDEN,670,593.14
SKULLS  DESIGN  COTTON TOTE BAG,252,590.67
DARK BIRD HOUSE TREE DECORATION,1485,590.13
HAIRCLIPS FORTIES FABRIC ASSORTED,1346,587.86
SET 12 VINTAGE DOILY CHALK ,1315,587.49
PINK HEARTS LIGHT CHAIN ,271,587.2
PINK PAISLEY SQUARE TISSUE BOX ,1373,586.82
EGG CUP MILKMAID HELGA ,410,586.31
FOLK FELT HANGING MULTICOL GARLAND,208,585.86
LETS GO SHOPPING COTTON TOTE BAG,252,585.34
DECORATIVE PLANT POT WITH FRIEZE,73,584.37
PINK CAT BOWL,360,583.33
BLUE CHARLIE+LOLA PERSONAL DOORSIGN,1041,583.23
HYACINTH BULB T-LIGHT CANDLES,1346,583.12
RED FLOCK LOVE HEART PHOTO FRAME,1091,582.03
SQUARECUSHION COVER PINK UNION JACK,173,581.23
SET/6 FRUIT SALAD  PAPER PLATES,1259,581.09
YELLOW SHARK HELICOPTER,72,580.36
JARDIN ETCHED GLASS CHEESE DISH,221,579.35
PINK PADDED MOBILE,135,577.79
RUSTIC STRAWBERRY JAM POT LARGE ,279,577.48
FELT EGG COSY BLUE RABBIT ,552,577.4399999999999
SILVER CHRISTMAS TREE BAUBLE STAND ,34,577.35
WHITE GOOSE FEATHER TREE 60CM ,285,575.55
GIFT BAG BIRTHDAY,940,575.4200000000001
GLASS TWIST BON BON JAR,74,575.25
6PC WOOD PLATE SET DISPOSABLE,459,574.88
ANGEL DECORATION PAINTED ZINC ,912,574.5400000000001
BUTTERFLIES STICKERS,634,573.36
BUTTERFLY CROCHET FOOD COVER,148,572.23
FRENCH STYLE EMBOSSED HEART CABINET,26,571.43
BEADED CRYSTAL HEART PINK LARGE,565,569.29
DINOSAUR HEIGHT CHART STICKER SET,182,568.98
EDWARDIAN PHOTO FRAME,90,568.71
ACRYLIC GEOMETRIC LAMP,35,568.65
LAUREL STAR ANTIQUE SILVER ,430,568.6
PACK OF 12 VINTAGE LEAF TISSUES ,1509,567.9499999999999
GARAGE KEY FOB,780,567.76
VINTAGE COFFEE GRINDER BOX,110,566.1800000000001
SET 4 VALENTINE DECOUPAGE HEART BOX,174,566.1800000000001
RED WHITE SCARF  HOT WATER BOTTLE,69,566.1700000000001
BLUE TEA TOWEL CLASSIC DESIGN,478,565.86
FELTCRAFT DOLL MARIA,196,564.9200000000001
ROMANTIC IMAGES NOTEBOOK SET,414,564.35
TREE T-LIGHT HOLDER WILLIE WINKIE,364,562.2199999999999
PACK 6 HEART/ICE-CREAM PATCHES,468,561.87
SET/4 BADGES BALLOON GIRL,448,561.84
YULETIDE IMAGES GIFT WRAP SET,687,561.34
PINK GLASS CANDLEHOLDER,176,561.32
"DECORATION , WOBBLY RABBIT , METAL ",319,560.93
PINK ROSE WASHBAG,156,560.62
SET OF 6 VINTAGE NOTELETS KIT,563,560.11
WHITE BAROQUE WALL CLOCK ,66,559.0
SILVER DIAMANTE PEN IN GIFT BOX,175,558.83
EAU DE NILE HEART SHAPE PHOTO FRAME,331,558.42
SQUARE MINI PORTRAIT FRAME,278,558.12
PINK  HONEYCOMB PAPER FAN,499,558.07
CARNIVAL BRACELET,44,558.03
VINTAGE GLASS COFFEE CADDY,86,557.3000000000001
S/12 MINI RABBIT EASTER,337,556.53
EMBOSSED HEART TRINKET BOX,250,555.59
SET OF 4 BLACK LOVEBIRD COASTERS,451,554.78
BLUE GLASS GEMS IN BAG,588,553.8299999999999
SET OF 4 PISTACHIO LOVEBIRD COASTER,476,553.8
TUMBLER NEW ENGLAND,1267,553.53
PINK AND WHITE CHRISTMAS TREE 120CM,201,553.07
WOODLAND SMALL RED FELT HEART,679,552.85
RETRO LONGBOARD IRONING BOARD COVER,286,552.76
ASSORTED TUTTI FRUTTI NOTEBOOK,249,551.96
FOLKART HEART NAPKIN RINGS,366,551.13
BLACK CHRISTMAS TREE 120CM,217,551.13
ORIGAMI ROSE INCENSE/CANDLE SET ,463,550.64
CALENDAR FAMILY FAVOURITES,193,550.6
BLUE POLKADOT EGG CUP ,1075,550.43
MEDIUM PARLOUR PICTURE FRAME ,136,550.0
FELT EGG COSY WHITE RABBIT ,585,549.81
PACK OF 6 PANETTONE GIFT BOXES,233,548.63
WRAP BIRD GARDEN ,1305,548.1
GOLD FISHING GNOME,68,546.6
CUT GLASS T-LIGHT HOLDER OCTAGON,251,546.49
BOYS ALPHABET IRON ON PATCHES,1975,546.04
EMPIRE BIRTHDAY CARD,1218,543.76
DOORSTOP FOOTBALL DESIGN,153,543.65
HANGING HEART BONHEUR,610,538.75
SET OF 2 ROUND TINS DUTCH CHEESE,254,538.0600000000001
BLUE NEW BAROQUE CANDLESTICK CANDLE,449,536.41
CARD DOG AND BALL ,1229,535.78
METAL SIGN CUPCAKE SINGLE HOOK,697,535.49
CANDY SPOT HAND BAG,259,534.83
HENRIETTA HEN MUG ,306,534.66
CHILDS GARDEN TROWEL PINK,618,533.16
MINI JIGSAW BAKE A CAKE ,1455,531.64
ORIGAMI SANDLEWOOD INCENSE/CAND SET,448,530.6
ENAMEL BLUE RIM BISCUIT BIN,103,530.49
CHRISTMAS TREE DECORATION WITH BELL,1251,530.26
ANTIQUE CREAM CUTLERY CUPBOARD,50,530.19
SINGLE WIRE HOOK PINK HEART,415,530.15
METAL TUBE CHIME ON BAMBOO,490,529.21
WRAP WEDDING DAY,1325,528.5
PARTY INVITES DINOSAURS,611,528.2299999999999
HEART BEADED TRELLIS DECORATION,249,528.1700000000001
WRAP MONSTER FUN ,1257,527.94
WEEKEND BAG VINTAGE ROSE PAISLEY,69,527.85
FRENCH LATTICE CUSHION COVER ,452,527.25
ENAMEL PINK TEA CONTAINER,430,526.22
DECORATION  PINK CHICK MAGIC GARDEN,594,525.9399999999999
SILVER GLASS T-LIGHT SET,201,525.75
EAU DE NILE JEWELLED PHOTOFRAME,298,525.0
BLUE DRAGONFLY HELICOPTER,65,524.5500000000001
FUSCHIA RETRO BAR STOOL,14,523.3000000000001
EASTER TIN CHICKS IN GARDEN,305,522.93
PINK HEART SHAPE PHOTO FRAME,322,522.56
WALL ART I LOVE LONDON ,99,521.73
EGG FRYING PAN PINK ,226,521.33
BEADED CRYSTAL HEART GREEN ON STICK,623,521.11
DANISH ROSE BEDSIDE CABINET,13,519.35
BLUE TV TRAY TABLE ,127,518.61
BLUE PAISLEY SKETCHBOOK,123,517.22
PAINTED YELLOW WOODEN DAISY,612,516.79
FOLDING UMBRELLA WHITE/RED POLKADOT,104,513.02
T-LIGHT HOLDER WHITE LACE,588,512.93
IVORY WIRE SWEETHEART LETTER TRAY,135,511.89
ORANGE SCENTED SET/9 T-LIGHTS,600,511.04999999999995
POCKET BAG PINK PAISELY BROWN SPOT,469,510.84
RED/CREAM STRIPE CUSHION COVER ,414,509.9
RIDGED GLASS FINGER BOWL,986,509.36
CUPID DESIGN SCENTED CANDLES,225,509.07
PACK 20 ENGLISH ROSE PAPER NAPKINS,554,508.36999999999995
WALL ART ANIMALS AND NATURE ,154,508.34000000000003
PINK POLKADOT CHILDRENS UMBRELLA,140,506.96
VINTAGE RED TEATIME MUG,319,506.65
SQUARECUSHION COVER PINK UNION FLAG,72,506.34000000000003
PAPER LANTERN 9 POINT HOLLY STAR L,75,506.01
FRAPPUCINO SCARF KNITTING KIT,344,505.69
ROSE DU SUD OVEN GLOVE,185,505.20000000000005
GLASS BONNE JAM JAR,121,504.97
PARTY CONES CARNIVAL ASSORTED,404,504.88
DECORATION WOBBLY RABBIT METAL ,830,504.46
BEACH HUT SHELF W 3 DRAWERS,81,504.43
SILVER ROCCOCO CHANDELIER,14,504.32
UNION STRIPE CUSHION COVER ,403,503.75
SET OF 6 RIBBONS COUNTRY STYLE,173,502.07000000000005
FOLDING UMBRELLA PINKWHITE POLKADOT,107,501.98
MIDNIGHT GLAMOUR SCARF KNITTING KIT,324,501.44
POPPY FIELDS CHOPPING BOARD,93,501.23
GARDEN PATH SKETCHBOOK,124,501.07
SNOWSTORM PHOTO FRAME FRIDGE MAGNET,591,500.90999999999997
SET OF 36 DINOSAUR PAPER DOILIES,335,499.08
PINK PAISLEY ROSE GIFT WRAP,1225,498.5
CHILDS GARDEN RAKE BLUE,207,496.99
RETROSPOT BABUSHKA DOORSTOP,251,495.2
TOAST ITS - HAPPY BIRTHDAY,412,494.54
BLUE  DIAMANTE PEN IN GIFT BOX,130,493.08
PINK/WHITE CHRISTMAS TREE 60CM,684,493.01
WOVEN FROST CUSHION COVER,117,492.79
VINTAGE PINK DECORATIVE PARASOL,88,489.74
HANGING SPRING FLOWER EGG SMALL,1197,489.17
DOLLY HONEYCOMB GARLAND,475,487.11
PINK UNION JACK  LUGGAGE TAG,353,486.5
PAINTED PINK RABBIT ,573,486.01
DANISH ROSE TRINKET TRAYS,261,484.63
ORIGAMI LAVENDER INCENSE/CANDL SET ,421,484.34999999999997
LAUREL STAR ANTIQUE GOLD,379,483.03
ASSORTED MINI MADRAS NOTEBOOK,976,481.95
SET OF 4 NAPKIN CHARMS CROWNS ,300,481.88
JIGSAW TREE WITH WATERING CAN,1048,480.91999999999996
COSY HOUR GIANT TUBE MATCHES,197,480.75
PINK ENAMEL+GLASS HAIR COMB,263,480.5
COSY SLIPPER SHOES LARGE GREEN,147,480.1700000000001
ELEPHANT BIRTHDAY CARD ,1122,479.82
CLASSIC GLASS SWEET JAR,119,479.45000000000005
FAIRY SOAP SOAP HOLDER,266,478.83
SMALL PINK GLASS SUNDAE DISH,945,478.72
PANTRY HOOK BALLOON WHISK ,213,477.89
BABY BOOM RIBBONS ,378,477.34
LADYBIRD + BEE RAFFIA FOOD COVER,123,476.41
SET OF 6 RIBBONS PARTY,170,476.0
CANDY SPOT EGG WARMER HARE,708,475.18
CAKE STAND VICTORIAN FILIGREE LARGE,56,471.86
MIRRORED WALL ART PHOTO FRAMES,89,470.16999999999996
FLYING PIG WATERING CAN,194,469.90000000000003
WALL ART CAT AND BIRD ,143,469.73
PARTY FOOD SHOPPER BAG,400,469.63
CRAZY DAISY HEART DECORATION,464,468.39
BLUE POLKADOT PASSPORT COVER,309,466.99
GOLD PHOTO FRAME,216,466.53000000000003
WHITE HAND TOWEL WITH BUTTERFLY,184,466.3
CERAMIC LOVE HEART MONEY BANK,732,466.18
PACK OF 12 RED APPLE TISSUES,1220,465.36
MIRRORED WALL ART SKULLS,304,463.79
SMALL PARLOUR PICTURE FRAME,165,462.45
CHILDS GARDEN RAKE PINK,206,462.33000000000004
BLACK CHRISTMAS TREE 60CM,558,460.64
ROSE DU SUD CUSHION COVER,78,460.58
WRAP KEEP CALM BIRTHDAY,1125,460.5
PARTY PIZZA DISH PINK POLKADOT,1228,460.38
PARTY INVITES JAZZ HEARTS,528,458.31
PARTY INVITES SPACEMAN,539,458.22999999999996
RIDGED BONNE JAM JAR T-LIGHT HOLDER,286,457.61999999999995
SET/4 BADGES DOGS,348,457.51
PAPER LANTERN 5 POINT STAR MOON ,108,456.48
ASSORTED LAQUERED INCENSE HOLDERS,2545,455.9800000000001
LILAC DIAMANTE PEN IN GIFT BOX,141,454.99
SET OF 3 GOLD FLYING DUCKS,127,454.65
EASTER DECORATION SITTING BUNNY,531,454.5
CLAM SHELL SMALL ,223,454.42
PINK FLOWER FABRIC PONY,117,453.73
HAND TOWEL PALE BLUE W FLOWERS,223,453.39
EAU DE NIL LOVE BIRD CANDLE,429,452.86
MINI PLAYING CARDS FUN FAIR ,1065,452.72
PACK 3 BOXES BIRD PANETTONE ,204,451.84
PARTY INVITES FOOTBALL,488,451.7
ASSORTED TUTTI FRUTTI KEYRING BALL,1153,451.59
WRAP MAGIC FOREST ,1075,451.5
DOORMAT FRIENDSHIP ,27,451.10999999999996
ABSTRACT CIRCLE JOURNAL ,185,449.8
SET OF 4 NAPKIN CHARMS 3 KEYS ,238,449.39
CHRISTMAS MUSICAL ZINC TREE,994,447.35999999999996
RED HEART LUGGAGE TAG,304,447.34
MIRRORED WALL ART STARS,363,447.09000000000003
NEW BAROQUE JEWELLERY BOX ,53,446.89
PLASMATRONIC LAMP,71,446.45
RECTANGULAR SHAPED MIRROR,512,446.15000000000003
PAPERWEIGHT CHILDHOOD MEMORIES,268,445.44
SET OF 4 NAPKIN CHARMS LEAVES   ,240,445.16999999999996
RIDGED GLASS POSY VASE ,219,444.58
RABBIT  DESIGN  COTTON TOTE BAG,181,444.07
VINTAGE KEEPSAKE BOX TRAVELOGUE,82,441.89
GREEN FERN JOURNAL ,177,441.12
SILVER GLITTER FLOWER VOTIVE HOLDER,1421,441.07
IVORY STRING CURTAIN WITH POLE ,170,440.62
TROPICAL PASSPORT COVER ,262,439.65
EIGHT PIECE SNAKE  SET,333,439.54
BEADED CRYSTAL HEART BLUE  LARGE,483,438.87
SMALL LICORICE DES PINK BOWL,575,437.2
MINI JIGSAW BUNNIES,1143,436.09
TABLE LAMP WHITE SHADE WOOD BASE,78,434.12
VINTAGE BEAD NOTEBOOK,150,433.19
BLACK BAROQUE CARRIAGE CLOCK,51,432.78999999999996
BUNNY WOODEN PAINTED WITH FLOWER ,568,432.46
LARGE PARLOUR PICTURE FRAME,86,431.98
BLUE SCOTTIE DOG W FLOWER PATTERN,180,431.72999999999996
CHRISTMAS HANGING SNOWFLAKE,490,430.86
MRS ROBOT SOFT TOY,143,428.85
ROSE DU SUD DRAWSTRING BAG,125,428.66
SET/6 FRUIT SALAD PAPER CUPS,1678,428.28000000000003
UNION FLAG WINDSOCK,388,428.19
"CHARLIE+LOLA""EXTREMELY BUSY"" SIGN",683,428.0
VINTAGE SHELLS PRINT,50,427.46000000000004
RETRO PLASTIC POLKA TRAY,866,426.65999999999997
WHITE STITCHED CUSHION COVER,59,426.13
DOG AND BALL WALL ART,252,425.87999999999994
GLASS CHALICE BLUE SMALL ,696,425.08
SET/3 POT PLANT CANDLES,68,424.46000000000004
IVORY PILLAR CANDLE GOLD FLOCK,145,424.08000000000004
3D SHEET OF DOG STICKERS,426,423.99
CHRYSANTHEMUM SKETCHBOOK ,104,423.55
GREEN SWEETHEART BRACELET,103,423.41
LAZER CUT NECKLACE W PASTEL BEADS,57,421.75
RED SHARK HELICOPTER,52,421.18
GREEN FERN SKETCHBOOK ,106,420.08
BLUE SCANDINAVIAN PAISLEY WRAP,1000,420.0
SILVER FISHING GNOME ,52,419.52000000000004
SET/12 FUNKY FELT FLOWER PEG IN BAG,224,419.01000000000005
SUMMER DAISIES BAG CHARM,167,417.96
MONEY BOX POCKET MONEY DESIGN,374,417.86
DANISH ROSE DELUXE COASTER,947,417.34999999999997
CANDLE PLATE LACE WHITE,193,416.59999999999997
JINGLE BELLS TREE DECORATION,203,415.77
PING! MICROWAVE PLATE,152,415.09000000000003
GLITTER CHRISTMAS TREE,912,414.63
LOLITA  DESIGN  COTTON TOTE BAG,178,414.22
RETROSPOT CANDLE  MEDIUM,365,413.88
CAKES AND BOWS GIFT  TAPE,1166,413.76
ANT COPPER LIME BOUDICCA BRACELET,83,412.74
DOLLY CABINET 2 DRAWERS ,33,412.5
HOME SWEET HOME HOOK,328,412.17999999999995
WHITE CANDYSTUFT ARTIFICIAL FLOWER,308,411.55999999999995
PIN CUSHION BABUSHKA BLUE,137,410.81
SILVER PHOTO FRAME,136,409.83
HANGING WOOD AND FELT BUTTERFLY ,896,409.41
HOUSE SHAPE PENCIL SHARPENER,3048,407.71999999999997
GINGHAM BABUSHKA DOORSTOP,211,406.49
FOLKART CLIP ON STARS,786,405.25
EGG FRYING PAN BLUE ,175,405.0
MONEY BOX KINGS CHOICE DESIGN,346,403.46
MINI LADLE LOVE HEART RED ,866,401.59999999999997
"DECORATION , WOBBLY CHICKEN, METAL ",236,401.0199999999999
SNACK TRAY RED VINTAGE DOILY,198,400.03999999999996
RED RETRO KITCHEN WALL CLOCK,47,400.01
T-LIGHT HOLDER SILVER HEART HANDLE,199,399.71
PARTY PIZZA DISH BLUE POLKADOT,1120,399.62
TUSCAN VILLA DOVECOTE BIRD FEEDER,43,399.03
CONDIMENT TRAY 4 BOWLS AND 4 SPOONS,37,399.02
GOLD STANDING GNOME,106,398.02
S/2 ZINC HEART DESIGN PLANTERS,40,398.0
ESSENTIAL BALM 3.5g TIN IN ENVELOPE,5884,395.61
HEART TRELLIS TRIPLE T-LIGHT HOLDER,129,395.11
ASSORTED COLOUR LIZARD SUCTION HOOK,999,395.09999999999997
FELT FARM ANIMAL CHICKEN,291,394.15
MILK MAIDS MUG ,219,393.59
BIRTHDAY BANQUET GIFT WRAP,975,393.5
PINK ROSE FABRIC MIRROR,331,393.46999999999997
BLACK SWEETHEART BRACELET,93,392.83
VEGETABLE GARDEN CHOPPING BOARD,78,392.34000000000003
ASSTD DESIGN 3D PAPER STICKERS,1165,391.93
IVORY SWEETHEART SOAP DISH,148,390.75000000000006
SET/3 POLKADOT STACKING TINS,78,389.55
MIRRORED WALL ART SNOWFLAKES,512,389.04
EGG FRYING PAN MINT ,180,388.75
BLUE VICTORIAN FABRIC OVAL BOX,925,388.57
BELL HEART DECORATION,252,387.0
HEARTS GIFT TAPE,1178,386.77000000000004
BLUE PATCH PURSE PINK HEART,244,386.32
WHITE MOROCCAN METAL LANTERN,70,385.29999999999995
GREEN BITTY LIGHT CHAIN,194,383.25
CUTE CATS TAPE,1102,383.11
MULTICOLOUR  CONFETTI IN TUBE,284,382.9599999999999
BLUE CUSHION COVER WITH FLOWER,58,381.78000000000003
PARTY PIZZA DISH GREEN POLKADOT,1037,381.65999999999997
HAWAIIAN GRASS SKIRT ,324,380.36
POPART WOODEN PENCILS ASST,8900,380.0
LA JARDIN BOTANIQUE CUSHION COVER,88,379.28
WOVEN SUNSET CUSHION COVER ,89,378.29
ANT COPPER TURQ BOUDICCA BRACELET,76,377.88
PINK POLKADOT PLATE ,220,377.56
RIBBONS PURSE ,192,377.2
TURQ+RED BOUDICCA LARGE BRACELET,54,377.04
PAIR PADDED HANGERS PINK CHECK,112,376.27000000000004
RETROSPOT CANDLE  SMALL,404,376.18
ORIGAMI VANILLA INCENSE/CANDLE SET ,323,375.93
MADRAS NOTEBOOK LARGE ,271,374.96000000000004
GRASS HOPPER WOODEN WALL CLOCK ,272,374.12
DOLLCRAFT BOY JEAN-PAUL ,82,373.9
CAMOUFLAGE EAR MUFF HEADPHONES,54,373.57
STRAWBERRIES  DESIGN FLANNEL ,358,373.34
HAND TOWEL PINK FLOWER AND DAISY,217,372.33
ANIMAL STICKERS,1773,372.33
SILVER VANILLA  FLOWER CANDLE POT,95,369.87
PINK & WHITE BREAKFAST TRAY,96,369.84000000000003
SNACK TRAY PAISLEY PARK,179,367.34999999999997
MAGIC DRAWING SLATE LEAP FROG ,1072,366.75
CHALKBOARD KITCHEN ORGANISER,11,366.73
EASTER DECORATION NATURAL CHICK,540,366.15000000000003
ROSE DU SUD COSMETICS BAG,97,365.09
GLASS CHALICE GREEN  LARGE ,197,364.22
SNACK TRAY I LOVE LONDON,171,362.65
RETROSPOT CANDLE  LARGE,273,362.12
SMALLFOLKART BAUBLE CHRISTMAS DEC,688,361.81
PINK SPOTS CHOCOLATE NESTING BOXES ,140,361.55999999999995
PAPER LANTERN 9 POINT HOLLY STAR S,86,361.04
SMALL FOLDING SCISSOR(POINTED EDGE),2892,360.71
DECORATIVE HANGING SHELVING UNIT,6,359.70000000000005
SMALL FOLKART STAR CHRISTMAS DEC,1293,359.6
PARTY INVITES BALLOON GIRL,405,359.28999999999996
BLUE & WHITE BREAKFAST TRAY,98,358.1
GREEN ENAMEL+GLASS HAIR COMB,185,357.74
DENIM PATCH PURSE PINK BUTTERFLY,216,357.28999999999996
GREEN GOOSE FEATHER TREE 60CM,171,356.96999999999997
SKULLS SQUARE TISSUE BOX,757,356.46000000000004
HEART BUTTONS JEWELLERY BOX,68,356.11
PINK LOVE BIRD CANDLE,351,356.08
BLACK LOVE BIRD CANDLE,329,356.06
PACK 3 IRON ON DOG PATCHES,294,355.84
PANDA AND BUNNIES STICKER SHEET,408,355.83
ROSE DU SUD WASHBAG ,74,354.14
CUBIC MUG PINK POLKADOT,506,354.03
SMALL POP BOX FUNKY MONKEY,258,353.98
RIDGED GLASS STORAGE JAR CREAM LID,99,353.97
ALPHABET HEARTS STICKER SHEET,401,353.47999999999996
PANTRY HOOK TEA STRAINER ,165,353.45
PANTRY HOOK SPATULA,162,353.36
SET/4 BADGES BEETLES,269,353.19
RED VICTORIAN FABRIC OVAL BOX,862,352.25
BLUE POLKADOT LUGGAGE TAG ,268,350.61
CERAMIC STRAWBERRY TRINKET TRAY,137,350.46999999999997
MAGIC DRAWING SLATE GO TO THE FAIR ,853,349.87
DECORATION SITTING BUNNY,1480,349.54
SCOTTIES CHILDRENS APRON,210,348.91999999999996
WAKE UP COCKEREL CALENDAR SIGN ,81,348.59000000000003
FRUIT TREE AND BIRDS WALL PLAQUE,41,348.53
PORCELAIN ROSE LARGE ,299,348.43000000000006
GEMSTONE CHANDELIER T-LIGHT HOLDER,78,347.70000000000005
GREEN CAT FLORAL CUSHION COVER ,73,345.17
HELLO SAILOR BLUE SOAP HOLDER,180,344.34000000000003
BEADED CRYSTAL HEART PINK SMALL,208,343.99
MIRROR MOSAIC CANDLE PLATE,288,343.71
SILVER FLOWR PINK SHELL NECKLACE,53,342.76000000000005
SILVER ROCOCO CANDLE STICK,146,340.7
WALL ART TREASURE AHOY ,90,340.35
SET/4 BADGES CUTE CREATURES,261,340.22
PHOTO CLIP LINE,239,338.73
MINI JIGSAW DINOSAUR ,809,338.23
WHITE SAGE INCENSE,1432,337.14
COFFEE SCENT PILLAR CANDLE,325,336.73999999999995
DOLLCRAFT GIRL NICOLE,68,336.6
FLOWERS TILE COASTER,992,334.76
MINI  ZINC GARDEN DECORATIONS ,841,334.03
CINNAMON SCENTED VOTIVE CANDLE,1288,333.2
FELT FARM ANIMAL HEN,481,332.84
BLACK LOVE BIRD T-LIGHT HOLDER,186,332.14
SMALL KITCHEN FLOWER POTS PLAQUE,50,331.5
DOOR HANGER  MUM + DADS ROOM,205,330.71999999999997
PURPLE SWEETHEART BRACELET,78,328.44
DOILEY BISCUIT TIN,120,327.6
PIECE OF CAMO STATIONERY SET,3380,326.56
PINK JEWELLED PHOTO FRAME ,62,326.35
HANGING WOOD AND FELT FLOWER,2055,325.96
CANDLE HOLDER SILVER MADELINE,196,325.15999999999997
WOODLAND LARGE PINK FELT HEART,285,324.40000000000003
CHUNKY SILVER NECKLACE PASTEL FLOWE,32,324.01
CAT AND BIRD WALL ART,270,323.64
DOILY THANK YOU CARD,765,323.32
PINK FELT EASTER RABBIT GARLAND,122,323.15
PINK SCOTTIE DOG W FLOWER PATTERN,135,322.53999999999996
BLUE EGG  SPOON,1857,322.18
BLUE PAISLEY TISSUE BOX,672,322.18
PARTY TIME PENCIL ERASERS,1398,322.09
CHARLOTTE BAG ALPHABET  DESIGN,400,320.5
SKULLS STORAGE BOX LARGE,87,320.49
KITTY PENCIL ERASERS,1438,320.09
MIRRORED WALL ART POPPIES,287,319.71
FORKED CACTUS CANDLE,100,319.66
SPACE OWL,258,319.5
MILK PAN PINK POLKADOT,64,319.35
DECORATION WOBBLY CHICKEN,560,319.14
ANT COPPER PINK BOUDICCA BRACELET,64,318.89000000000004
SET OF 6 HALLOWEEN GHOST T-LIGHTS,693,318.66999999999996
GREEN HEART COMPACT MIRROR,220,318.31
BLACK EAR MUFF HEADPHONES,48,318.19
FUNKY MONKEY CUSHION COVER,232,317.16999999999996
NEWSPAPER STAND,27,316.95000000000005
SET/6 BLACK BIRD T-LIGHT CANDLES,215,316.75
PEACH KNITTED HEN ,315,316.46
VINTAGE ROSE BEAD BRACELET RASPBERR,75,315.73
LARGE CAMPHOR WOOD FIELD MUSHROOM ,43,315.27
HANGING WOOD AND FELT HEART,676,314.81
SCOTTIES DESIGN WASHBAG,170,314.54999999999995
PINK GINGHAM CAT WITH SCARF,144,314.51
BABY MOUSE RED GINGHAM DRESS,74,314.5
FAIRY DREAMS INCENSE ,1264,313.31
SKULLS DESIGN FLANNEL,287,313.01
MISELTOE HEART WREATH ,80,312.8
FLOOR LAMP SHADE WOOD BASE,33,312.7
SET OF 4 POLKADOT COASTERS,174,312.53
CHRISTMAS HANGING HEART WITH BELL,234,311.34999999999997
GREEN BIRDHOUSE DECORATION,440,310.49
KITTENS DESIGN FLANNEL,337,310.19
SET/6 BEAD COASTERS GAUZE BAG GOLD,582,309.29999999999995
SET OF 2 TEA TOWELS PING MICROWAVE,150,309.11
LOVELY BONBON STICKER SHEET,345,307.44
SET OF 3 PANTRY WOODEN SPOONS,225,306.66
BLACK SQUARE TABLE CLOCK,116,305.2
MISELTOE HEART WREATH WHITE,78,304.5
CHRISTMAS CARD SCREEN PRINT ,1238,304.5
BOTANICAL ROSE GIFT WRAP,725,304.5
3 TRADITIONAL COOKIE CUTTERS  SET,162,304.20000000000005
SET OF 4 NAPKIN CHARMS INSTRUMENT,139,303.72999999999996
BLUE RETRO KITCHEN WALL CLOCK,36,301.88
COLUMBIAN CANDLE RECTANGLE,182,301.85999999999996
WALL ART DOG AND BALL ,102,301.56
WHITE/PINK CHICK DECORATION,252,301.26
MONEY BOX BISCUITS DESIGN,228,299.72
WOOD AND GLASS MEDICINE CABINET,10,299.5
PAINT YOUR OWN EGGS IN CRATE,164,299.36
VINTAGE NOTEBOOK PARIS DAYS,107,298.27
AMETHYST CHUNKY BEAD BRACELET W STR,33,297.94
4 SKY BLUE DINNER CANDLES,150,297.91
MINI LADLE LOVE HEART PINK,529,297.82
CORDIAL GLASS JUG,35,297.13
MIXED NUTS LIGHT GREEN BOWL,568,296.45
WRAP CHRISTMAS SCREEN PRINT,1075,296.25
DOLLCRAFT GIRL AMELIE KIT,66,294.7
EASTER BUNNY GARLAND OF FLOWERS,615,293.8
WOVEN CANDY CUSHION COVER ,68,292.56
QUEEN OF SKIES LUGGAGE TAG,197,292.29
MULTICOLOUR RABBIT EGG WARMER,319,292.07
BLUE BIRDHOUSE DECORATION,421,292.03
DECORATIVE VINTAGE COFFEE  BOX,55,291.85
EGG CUP HENRIETTA HEN PINK,211,291.58
 4 PURPLE FLOCK DINNER CANDLES,144,290.8
IVORY HANGING DECORATION  EGG,733,290.2
CURIO CABINET LINEN AND LACE ,36,290.1
LUNCH BAG RED SPOTTY,200,290.0
MEDIUM CHINESE STYLE SCISSOR,662,289.98
PACK OF 12 CHRISTMAS FUN CARDS,108,289.69
TOYBOX  WRAP ,726,288.92
PAPER LANTERN 5 POINT SEQUIN STAR,50,287.5
"PINK/WHITE ""KEEP CLEAN"" BULLET BIN",77,286.91
QUEEN OF THE SKIES PASSPORT COVER ,148,286.39
COLUMBIAN CANDLE ROUND,412,285.39
ICON MUG REVOLUTIONARY,703,284.49
WHITE AND BLUE CERAMIC OIL BURNER,192,283.93
RIDGED GLASS T-LIGHT HOLDER,412,283.51
CARTOON  PENCIL SHARPENERS,3821,283.31
BLUE  TILE HOOK,99,282.78999999999996
CHRYSANTHEMUM NOTEBOOK,169,282.48999999999995
SMALL PINK MAGIC CHRISTMAS TREE,645,282.38
PEARLISED IVORY HEART SMALL ,228,281.17
FELT FARM ANIMAL SHEEP,373,280.42
STANDING FAIRY POLE SUPPORT ,348,280.2
GREEN METAL SWINGING BUNNY,319,278.16999999999996
SWEETIES  STICKERS,301,277.24
WRAP DAISY CARPET ,660,277.2
MIRRORED DOVE WALL DECORATION,116,276.72
4 ROSE PINK DINNER CANDLES,184,276.59
LA PALMIERA TILE COASTER,709,276.53
ZINC WIRE SWEETHEART LETTER TRAY,83,275.62
SET OF SKULL WALL STICKERS,95,274.37
STRAWBERRY DREAM CHILDS UMBRELLA,81,273.81
DOORSTOP RACING CAR DESIGN,123,273.46
VINTAGE CARAVAN GIFT WRAP,650,273.0
SILVER DISCO HANDBAG,129,272.99
TRIPLE WIRE HOOK PINK HEART,79,272.91
JUMBO BAG VINTAGE DOILEY ,144,272.57
NUMBER TILE VINTAGE FONT No ,173,272.2
BLUE PAISLEY POCKET BOOK,307,272.02
STAR  T-LIGHT HOLDER ,159,271.68
SILVER MINI TAPE MEASURE ,158,271.21999999999997
TUB 24 PINK FLOWER PEGS,164,271.03999999999996
WOODLAND SMALL BLUE FELT HEART,312,270.96
CURIOUS  IMAGES NOTEBOOK SET,182,270.72
ZINC TOP  2 DOOR WOODEN SHELF ,13,270.08
HAND OPEN SHAPE DECO.WHITE,92,270.02000000000004
CHRYSANTHEMUM  JOURNAL,103,269.68
RAIN PONCHO ,412,269.61
BUNNY EGG GARLAND,528,269.17
ASSORTED TUTTI FRUTTI HEART BOX,215,268.75
TUMBLER BAROQUE,531,268.53
DOORKNOB CRACKED GLAZE IVORY,180,268.2
MOROCCAN BEATEN METAL MIRROR,19,268.1
ORIGAMI ROSE INCENSE IN TUBE,535,267.82
"FLOWER FAIRY,5 SUMMER B'DRAW LINERS",105,267.75
12 PINK ROSE PEG PLACE SETTINGS,214,267.5
STRAWBRY SCENTED VOTIVE CANDLE,1101,267.45
PINK GOOSE FEATHER TREE 60CM,131,267.21
VINTAGE KITCHEN PRINT FRUITS,85,266.15
MOUSEY LONG LEGS SOFT TOY,97,266.03
"GARLAND, VINTAGE BELLS",92,265.88
S/4 BLACK MINI ROSE CANDLE IN BOWL,305,265.77
PURPLE BOUDICCA LARGE BRACELET,38,264.94
4 PINK DINNER CANDLE SILVER FLOCK,132,264.82
WOODLAND LARGE RED FELT HEART,205,264.72
PINK BOUDICCA LARGE BRACELET,38,264.7
CLEAR LOVE BIRD T-LIGHT HOLDER,92,264.46999999999997
BLUE JUICY FRUIT PHOTO FRAME,93,264.06
GREEN JUICY FRUIT PHOTO FRAME,94,261.89
GYMKHANNA TREASURE BOOK BOX,120,261.84000000000003
PINK RIVIERA HANDBAG,186,261.68
ASSORTED MONKEY SUCTION CUP HOOK,653,261.3
FOOD/DRINK SPONGE STICKERS,1244,261.24
BLUE FLOCK GLASS CANDLEHOLDER,644,259.96
HANGING MEDINA LANTERN SMALL,81,259.67
MAGAZINE RACK GEBRA ASSORTED ,199,257.75
ROSE DU SUD CUSHION COVER ,59,257.61
BLUE KNITTED HEN ,220,257.21999999999997
ORANGE VOTIVE CANDLE,1032,257.03999999999996
2 PICTURE BOOK EGGS EASTER BUNNY,182,256.54
SKULLS STORAGE BOX SMALL,96,256.44
3D SHEET OF CAT STICKERS,260,255.61999999999998
MIRROR LOVE BIRD T-LIGHT HOLDER,144,255.0
ANTIQUE CREAM CUTLERY SHELF ,29,254.98000000000002
CAMPHOR WOOD PORTOBELLO MUSHROOM,184,254.32999999999998
CERAMIC BIRDHOUSE CRESTED TIT SMALL,79,253.53000000000003
BLACK ENAMEL FLOWER RING,86,252.9
SKULLS TAPE,706,252.47000000000003
FOLK ART METAL STAR T-LIGHT HOLDER,485,252.33
SILVER BRACELET W PASTEL FLOWER,33,252.18
ANTIQUE IVORY WIRE BOWL SMALL,99,251.45000000000002
STRING OF STARS CARD HOLDER,78,250.22000000000003
CHARLIE+LOLA MY ROOM DOOR SIGN,403,249.48999999999998
PACK 3 BOXES CHRISTMAS PANETTONE,76,248.48
ECONOMY LUGGAGE TAG,159,248.09
ASSORTED TUTTI FRUTTI LARGE PURSE,118,247.8
HEN PARTY CORDON BARRIER TAPE,202,247.63
MONEY BOX HOUSEKEEPING DESIGN,237,247.42000000000002
CLASSIC SUGAR DISPENSER,216,247.32
CLASSICAL ROSE SMALL VASE,142,247.04
NUMBER TILE COTTAGE GARDEN 1,96,246.14
WHITE GLASS CHUNKY CHARM BRACELET,27,245.63
PAPERWEIGHT HOME SWEET HOME,158,245.57999999999998
FLOWERS  STICKERS,257,245.35999999999999
PINK HEARTS PAPER GARLAND,168,245.20000000000002
SILVER TEDDY BEAR,64,244.72
PINK/BLUE DISC/MIRROR STRING,566,244.17
CHERRY BLOSSOM PASSPORT COVER,194,243.53
THREE CANVAS LUGGAGE TAGS,150,243.49
CANDY SPOT EGG WARMER RABBIT,641,242.32
NUMBER TILE COTTAGE GARDEN 2,94,242.24
WOODLAND SMALL PINK FELT HEART,286,242.17999999999998
CROCHET ROSE PURSE WITH SUEDE BACK,76,241.24000000000004
ASSORTED SHAPES PHOTO CLIP SILVER ,473,241.20999999999998
ZINC WIRE KITCHEN ORGANISER,30,239.97
NINJA RABBIT BLACK,187,239.24
RUSTIC STRAWBERRY JAMPOT LARGE ,120,238.56
DOORKNOB CRACKED GLAZE BLUE,162,238.49999999999997
BATHROOM SET LOVE HEART DESIGN,82,237.98000000000002
SNACK TRAY HAPPY FOREST  ,117,236.87
JOY LARGE WOOD LETTERS,39,236.17
DAISY NOTEBOOK ,135,235.18999999999997
BLUE  VOILE LAMPSHADE,86,234.5
LETTER SHAPE PENCIL SHARPENER,3333,234.0
T-LIGHT HOLDER SILVER PETIT FOUR ,185,233.67000000000002
SPACE FROG,174,233.52
GLITTER CHRISTMAS HEART ,270,233.51999999999998
CRYSTAL STUD EARRINGS ASSORTED COL ,612,232.56
PINK MONTE CARLO HANDBAG,98,232.32999999999998
PINK BUNNY EASTER EGG BASKET,158,231.89999999999998
PINK JEWELLED PHOTO FRAME,30,231.56
KEEP OUT BOYS DOOR HANGER ,144,231.36999999999998
FLORAL SOFT CAR TOY,54,230.81
PAPERWEIGHT KINGS CHOICE ,168,230.67999999999998
SET OF 36 MUSHROOM PAPER DOILIES,159,230.54999999999998
BLUE BUNNY EASTER EGG BASKET,157,230.24999999999997
CRYSTAL DIAMANTE STAR BROOCH,46,229.68
SET/4 BLUE FLOWER CANDLES IN BOWL,137,229.46999999999997
4 BLUE DINNER CANDLES SILVER FLOCK,88,229.22
BUNNY EGG BOX,183,228.75
AMBER GLASS/SILVER BRACELET,25,227.89
RED RETROSPOT WASHBAG,79,227.6
TRAVEL CARD WALLET VINTAGE ROSE ,542,226.2
GREEN ENAMEL FLOWER RING,77,225.84
BOTANICAL LAVENDER BIRTHDAY CARD,504,225.59
HAND WARMER RED POLKA DOT,120,225.00000000000003
ST TROPEZ NECKLACE,45,224.12
MILK BOTTLE WITH GLASS STOPPER ,30,223.46
BOX/12 CHICK & EGG IN BASKET,123,223.10999999999999
PEACE SMALL WOOD LETTERS,30,222.96
2 PICTURE BOOK EGGS EASTER CHICKS,171,222.22
SILVER OVAL SHAPE TRINKET BOX,25,221.79999999999998
GOLD EAR MUFF HEADPHONES,38,221.65
BLUE HEART COMPACT MIRROR,129,221.25
PAPERWEIGHT VINTAGE PAISLEY,152,220.04
PINK CHICK EGG WARMER + EGG CUP,196,219.66
SILVER FABRIC MIRROR,458,219.35000000000002
ASSTD COL BUTTERFLY/CRYSTAL W/CHIME,459,218.87
SMALL TALL CAMPHOR WOOD TOADSTOOL,142,217.89
SMALL CHUNKY GLASS ROMAN  BOWL,160,217.68
ZINC HEART LATTICE CHARGER LARGE,52,217.57999999999998
DAISY JOURNAL ,80,217.55999999999997
SILVER STANDING GNOME   ,44,217.35999999999999
"SMALL POP BOX,FUNKY MONKEY",152,216.47
SET 8 CANDLES VINTAGE DOILEY,122,216.29999999999998
ASS COLOUR GLOWING TIARAS,282,216.06
SMALL CAMPHOR WOOD FIELD  MUSHROOM,121,215.67999999999998
GREEN MURANO TWIST BRACELET,51,215.20000000000002
BOOZE & WOMEN GREETING CARD ,504,214.19
NUMBER TILE VINTAGE FONT 3,108,213.7
VIPPASSPORT COVER ,143,211.76000000000002
BLUE SWEETHEART BRACELET,50,211.43
COLUMBIAN CANDLE ROUND ,169,210.61
GREEN ROUND COMPACT MIRROR,144,210.56
PINK JEWELLED MIRROR TRINKET TRAY,34,210.54999999999998
WAKE UP COCKEREL TILE COASTER,604,210.51999999999998
TIGRIS EYE CHUNKY CHARM BRACELET,23,210.04
PEG BAG APPLE DESIGN,100,210.0
RED BOUDICCA LARGE BRACELET,30,209.73000000000002
LARGE SKULL WINDMILL,91,209.61
JADE DROP EARRINGS W FILIGREE,42,209.10000000000002
HANGING GLASS ETCHED TEALIGHT,133,208.46999999999997
METALIC LEAVES BAG CHARMS,84,207.60999999999999
SMOKEY GREY COLOUR D.O.F. GLASS,591,207.39
TEATIME ROUND PENCIL SHARPENER ,1461,205.42
DAISY SKETCHBOOK ,73,205.04
MULTI HEARTS  STICKERS,237,204.69
NUMBER TILE COTTAGE GARDEN No,75,204.19
GREEN SQUARE COMPACT MIRROR,131,203.51
OPIUM SCENTED VOTIVE CANDLE,840,203.27999999999997
GARDEN METAL SIGN ,114,203.20999999999998
BEACH HUT DESIGN BLACKBOARD,41,203.07
ENGLISH ROSE SMALL SCENTED FLOWER,219,202.53
PURPLE ENAMEL FLOWER RING,69,202.51000000000002
MINI JIGSAW LEAP FROG,504,202.37
PINK BITTY LIGHT CHAIN,106,201.31
NUMBER TILE VINTAGE FONT 1,99,200.59
JUNGLE POPSICLES ICE LOLLY HOLDERS,141,199.99
CAROUSEL DESIGN WASHBAG,108,199.84
BLACK CHUNKY BEAD BRACELET W STRAP,22,199.67
BOTANICAL LAVENDER GIFT WRAP ,475,199.5
MIRRORED WALL ART GENTS,171,199.48999999999998
HANGING METAL CHICKEN DECORATION,152,198.52
LARGE  TALL CAMPHOR WOOD TOADSTOOL ,37,197.81
NUMBER TILE VINTAGE FONT 2,102,197.56
SILVER M.O.P ORBIT BRACELET,38,197.09
FELT EGG COSY LADYBIRD ,327,196.82
CHRISTMAS CARD STACK OF PRESENTS,816,196.44
MIDNIGHT BLUE VINTAGE EARRINGS,52,195.32
PSYCHEDELIC TILE COASTER,430,195.22
FIRST CLASS PASSPORT COVER ,93,194.94
A PRETTY THANK YOU CARD,456,194.58
NUMBER TILE VINTAGE FONT 5,99,194.04999999999998
FIRST CLASS LUGGAGE TAG ,152,193.59
SILVER M.O.P ORBIT DROP EARRINGS,46,193.33
DIAMANTE BOW BROOCH GREEN COLOUR,30,193.2
SET/4 DAISY MIRROR MAGNETS,495,193.03
PINK PAISLEY CUSHION COVER ,26,192.14
NUMBER TILE VINTAGE FONT 4,100,191.48
RAINBOW PEGS PHOTO CLIP STRING,292,191.18
GREEN CHRISTMAS TREE STRING 20LIGHT,42,191.1
RED KUKUI COCONUT SEED NECKLACE,122,190.73000000000002
NINJA RABBIT PINK,169,190.29
STARFISH SOAP DISH,74,189.75
ROUND WHITE CONFETTI IN TUBE,108,189.67999999999998
DONKEY TAIL GAME ,54,189.54000000000002
WHITE CHRISTMAS STAR DECORATION,439,189.42
SET/4 BIRD MIRROR MAGNETS ,485,188.86999999999998
ROUND PINK HEART MIRROR,85,188.81
BLUE DELPHINIUM ARTIFICIAL FLOWER,99,188.37000000000003
FLORAL PINK MONSTER,43,187.54
PINK OVAL SHAPE TRINKET BOX,20,186.64
ENGLISH ROSE NOTEBOOK A6 SIZE,399,186.56
EIGHT PIECE DINOSAUR SET,126,186.43
75 GREEN PETIT FOUR CASES,375,186.25
RED  EGG  SPOON,1369,185.51999999999998
MEDIUM PINK BUDDHA HEAD ,55,185.45000000000002
RED ENAMEL FLOWER RING,63,185.42000000000002
FLAG OF ST GEORGE CHAIR,38,185.3
GIFT BAG LARGE VINTAGE CHRISTMAS,148,185.0
CHAMBRE HOOK,132,184.67999999999998
GOLD/M.O.P PENDANT ORBIT NECKLACE,22,184.66
FRENCH ENAMEL UTENSIL HOLDER,45,183.71
SET OF 4 CAROUSEL PLACEMATS ,91,183.45
RETRO PLASTIC 70'S TRAY,387,183.10999999999999
PSYCHEDELIC TILE HOOK,299,182.95000000000002
"TUMBLER, NEW ENGLAND",142,182.29999999999998
SILVER BOOK MARK WITH BEADS,161,182.25
BOTANICAL LILY GREETING CARD,427,181.98
PINK YELLOW PATCH CUSHION COVER,29,180.93
ASSORTED CHEESE FRIDGE MAGNETS,223,180.71
CREAM DELPHINIUM ARTIFICIAL FLOWER,70,180.58
PINK DISCO HANDBAG,84,180.51999999999998
ANGEL DECORATION WITH LACE PADDED,212,180.2
CANDY SHOP  STICKER SHEET,195,179.45999999999998
SWIRLY CIRCULAR RUBBERS IN BAG,472,178.97
GREEN  DIAMANTE PEN IN GIFT BOX,76,178.89
BEADED CRYSTAL HEART BLUE ON STICK,193,178.85
CREAM HANGING HEART T-LIGHT HOLDER,61,178.51000000000002
DOLLCRAFT GIRL AMELIE,36,178.2
NUMBER TILE COTTAGE GARDEN 4,72,177.46
BEACH HUT KEY CABINET,34,177.33
GLASS CHALICE GREEN  SMALL ,161,175.78
BLUE CIRCLES DESIGN MONKEY DOLL,66,175.73
Dotcomgiftshop Gift Voucher £30.00,7,175.53
S/4 GROOVY CAT MAGNETS,149,175.16
"RUSTIC WOODEN CABINET, GLASS DOORS",5,174.76999999999998
BLACK GLASS BRACELET W HEART CHARMS,35,174.73000000000002
PACK 20 DOLLY PEGS,242,174.5
MEDIUM WHITE/PINK ROSE ART FLOWER,127,174.31
ENAMEL BLUE RIM COFFEE CONTAINER,152,174.09
PINK BUTTERFLY CUSHION COVER ,35,173.48
CHRISTMAS CARD SINGING ANGEL,411,173.37
ASS COL CIRCLE MOBILE ,474,173.15999999999997
FUNKY MONKEY GIFT BAG MEDIUM,371,173.12
NUMBER TILE VINTAGE FONT 6 ,96,172.78
WHITE SQUARE TABLE CLOCK,105,172.75
50CM METAL STRING WITH  7 CLIPS,226,172.64
SPACE CADET RED,141,172.2
BATHROOM SCALES FOOTPRINTS IN SAND,51,172.05
PINK PAINTED KASHMIRI CHAIR,4,171.8
PINK RETRO BIG FLOWER BAG,88,171.6
DIAMANTE BOW BROOCH RED COLOUR,27,171.45
JARDIN ETCHED GLASS SMALL BELL JAR,45,171.11
VINTAGE WOODEN BAR STOOL,6,169.75
BEADED CRYSTAL HEART GREEN SMALL,119,168.59
CLASSIC WHITE FRAME,56,168.16000000000003
SILVER HOOP EARRINGS WITH FLOWER,28,168.0
JARDIN ETCHED GLASS LARGE BELL JAR,38,167.70000000000002
Dotcomgiftshop Gift Voucher £50.00,4,167.56
MIDNIGHT BLUE GLASS/SILVER BRACELET,18,167.3
Dotcomgiftshop Gift Voucher £20.00,10,167.05
2 PICTURE BOOK EGGS EASTER DUCKS,124,165.89
VINTAGE KITCHEN PRINT VEGETABLES,65,165.75
MOROCCAN BEATEN METAL DISH LARGE,12,165.74
LAVENDER SCENT CAKE CANDLE,624,165.6
PAISLEY PARK CARD,376,165.07999999999998
Bank Charges,12,165.001
MINI JIGSAW GO TO THE FAIR,403,164.84
RETRO PLASTIC DAISY TRAY,300,164.59
MOCK LOBSTER FRIDGE MAGNET,296,164.17
BLUE MURANO TWIST BRACELET,39,164.12
SILVER LARIAT 40CM,26,163.82
PURPLE ENAMEL+GLASS HAIR COMB,84,163.8
MONEY BOX CONFECTIONERY DESIGN,146,163.69
NUMBER TILE COTTAGE GARDEN 3 ,67,163.35
PINK STRAWBERRY HANDBAG ,60,163.1
SILVER/MOP ORBIT NECKLACE,16,162.79
CHARLIE AND LOLA CHARLOTTE BAG,65,162.20999999999998
CLASSICAL ROSE CANDLESTAND,194,162.20000000000002
MIRRORED WALL ART SPLODGES,101,161.49
FRENCH CHATEAU LARGE PLATTER ,70,160.5
SPRIG LAVENDER ARTIFICIAL FLOWER,224,160.48
MOROCCAN BEATEN METAL DISH,15,160.09
SET 4 PICNIC CUTLERY BLUEBERRY,82,159.9
WRAP RED DOILEY,380,159.6
"DECOUPAGE,GREETING CARD,",357,158.63
GREEN VINTAGE EARRINGS ,39,158.08
PORCELAIN BUDAH INCENSE HOLDER,1525,158.06
BLUE CIRCLES DESIGN TEDDY,57,157.5
OLD ROSE COMBO BEAD NECKLACE,54,157.5
BATHROOM HOOK,146,157.5
WRAP CAROUSEL,375,157.5
GREEN WIRE STANDING CANDLE HOLDER,38,157.34
VINTAGE BEAD COSMETIC BAG ,57,156.85
TUSCAN VILLA BIRD TABLE ,19,156.75
BLUE FLY SWAT,179,156.63
ASSORTED CIRCULAR MOBILE,698,155.82
IVY HEART WREATH,18,155.6
LUNCH BOX WITH CUTLERY FAIRY CAKES ,61,155.54999999999998
RETRO LEAVES MAGNETIC NOTEPAD,106,155.54
LARGE TORTILLA DESIGN RED BOWL,78,154.67999999999998
PANTRY KITCHEN THERMOMETER ,112,154.52
ASS DES PHONE SPONGE CRAFT STICKER,511,154.39
SET OF 12 ROSE BOTANICAL T-LIGHTS,51,153.29000000000002
FLOWER FAIRY 5 DRAWER LINERS,60,153.0
GOLD M PEARL  ORBIT NECKLACE,15,152.84
ANTIQUE GLASS PLACE SETTING,122,152.5
VINTAGE ROSE BEAD BRACELET BLACK,36,152.4
HEART TRELLISTRIPLE T-LIGHT HOLDER,56,152.24
BLUE ROUND COMPACT MIRROR,97,152.18
NEW BAROQUE BLACK PHOTO ALBUM,29,152.11
BLUE PUDDING SPOON,1052,151.19
YELLOW DRAGONFLY HELICOPTER,19,151.05
WHITE TISSUE REAM,19,151.05
NUMBER TILE COTTAGE GARDEN 6,65,150.81
BOYS PARTY BAG,47,150.54999999999998
COSY SLIPPER SHOES SMALL  RED ,48,150.48000000000002
YELLOW EASTER EGG HUNT START POST,76,150.38
WHITE 3 FRAME BIRDS AND TREE ,20,150.0
BLUE PAINTED KASHMIRI CHAIR,3,149.85000000000002
BLACK VINTAGE EARRINGS,36,149.41000000000003
KIDS CUTLERY DOLLY GIRL ,36,149.4
KIDS CUTLERY SPACEBOY ,36,149.4
POLYESTER FILLER PAD 45x30cm,103,149.35
BLOND DOLL DOORSTOP,115,149.25
NUMBER TILE COTTAGE GARDEN 7,63,149.09
TUSCAN VILLA BIRD FEEDER,17,148.63
CRYSTAL DIAMANTE EXPANDABLE RING,35,148.63
BLUE CAT BISCUIT BARREL PINK HEART,66,148.32
PINK HEART DOTS HOT WATER BOTTLE,36,147.88
CUBIC MUG FLOCK PINK ON BROWN,175,146.91
BATHROOM SCALES RUBBER DUCKS,43,146.85
NUMBER TILE COTTAGE GARDEN 0 ,64,146.6
NUMBER TILE VINTAGE FONT 7,87,146.43
BLUE GEISHA GIRL ,44,146.07999999999998
GREEN GEISHA GIRL ,46,146.05
SPACE BOY CHILDRENS CUP,131,145.76
FRUIT SALAD BAG CHARM,64,145.52
NUMBER TILE COTTAGE GARDEN 5,60,145.5
STRIPES DESIGN TEDDY,57,145.35
FUSCHIA FLOWER PURSE WITH BEADS,159,145.17
HEART T-LIGHT HOLDER,146,144.52
GIRLS PARTY BAG,47,144.43
RED DAISY POCKET BOOK ,167,144.29
MIRRORED WALL ART LADIES,164,144.03
ASSORTED COLOUR METAL CAT ,115,143.75
SET/20 FRUIT SALAD PAPER NAPKINS ,88,143.44
BOTANICAL ROSE GREETING CARD,337,141.95
GREEN FERN NOTEBOOK,86,141.23999999999998
BLUE POLKADOT PURSE ,44,141.15
FRENCH PAISLEY CUSHION COVER,170,141.1
WHITE  ROSEBUD PEARL BRACELET,38,140.98
POPART RECT PENCIL SHARPENER ASST,1166,140.52
DAISY HAIR BAND,85,140.32999999999998
S/6 SEW ON CROCHET FLOWERS,110,140.02
UNION JACK HOT WATER BOTTLE ,13,139.86
SET OF 36 PANTRY PAPER DOILIES,67,139.78
METAL HERB GERDEN CONTAINER,24,139.68
VINTAGE ZINC WATERING CAN,13,139.39999999999998
NUMBER TILE COTTAGE GARDEN 8,61,138.81
BLUE DAISY MOBILE,172,138.76
EASTER BUNNY WREATH,28,138.6
SET 4 PICNIC CUTLERY CHERRY ,71,138.45
NUMBER TILE COTTAGE GARDEN 9,63,138.10999999999999
ABSTRACT CIRCLES POCKET BOOK,162,137.7
AMETHYST GLASS/SHELL/PEARL NECKLACE,15,137.63
CHRISTMAS RETROSPOT HEART WOOD,139,137.59
GOLD SCROLL GLASS T-LIGHT HOLDER,80,137.22000000000003
ASSORTED SANSKRIT MINI NOTEBOOK,109,136.25
VINTAGE ENAMEL & CRYSTAL EARRINGS,27,134.70000000000002
SUMMER BUTTERFLIES BAG CHARM,54,134.53
CAKES AND RABBITS DESIGN FLANNEL ,119,134.48999999999998
ICON PLACEMAT POP ART ELVIS,832,134.37
NEW BAROQUE LARGE NECKLACE BLK/WHIT,16,134.16
POLYESTER FILLER PAD 30CMx30CM,107,133.75
EASTER BUNNY HANGING GARLAND,68,133.23
GOLD WINE GOBLET,168,132.72
PAIR OF PINK FLOWER CLUSTER SLIDE,53,132.7
PINK/YELLOW FLOWERS HANDBAG,106,132.5
BANK ACCOUNT  GREETING  CARD ,318,132.44
PURPLE ACRYLIC FACETED BANGLE,107,132.05
SMALL JEWELLERY STAND,16,132.0
GREEN METAL BOX TOP SECRET,16,132.0
AMBER DIAMANTE EXPANDABLE RING,31,131.03
PINK ROSEBUD PEARL BRACELET,27,130.67
RED   ACRYLIC FACETED BANGLE,99,130.51000000000002
PIG MUG IN TWO COLOUR DESIGNS,159,130.26999999999998
COPPER/OLIVE GREEN FLOWER NECKLACE,21,129.85
PINK HORSE SOCK PUPPET KIT,44,129.8
VINTAGE KITCHEN PRINT SEAFOOD,43,129.63
PINK PILLAR CANDLE SILVER FLOCK,81,129.47
RED PUDDING SPOON,881,128.63
SILVER APERITIF GLASS,276,128.4
PINK/BLUE STRING CURTAIN ,57,128.32999999999998
SCENTED CANDLE IN DIGITALIS TIN,57,128.14000000000001
SMALL WHITE/PINK ROSE ART FLOWER,113,127.57000000000001
BLACK+WHITE NECKLACE W TASSEL,17,127.24
BEADED PEARL HEART WHITE LARGE,77,127.04999999999998
NUMBER TILE VINTAGE FONT 8,78,126.78
SET 4 PICNIC CUTLERY FONDANT,65,126.75
GLASS SONGBIRD STORAGE JAR,11,126.7
CREAM SWEETHEART WALL CABINET,7,126.64999999999999
5 STRAND GLASS NECKLACE CRYSTAL,20,126.63999999999999
SNACK TRAY RED GINGHAM,60,125.72
LARGE JEWELLERY STAND,10,125.0
NUMBER TILE VINTAGE FONT 9 ,76,124.97999999999999
OYSTER TRINKET BOX,54,123.66
WOODLAND LARGE BLUE FELT HEART,92,123.47
POLKADOT MUG PINK ,72,123.29999999999998
SET OF 3 MINI HANGING PORTRAITS,32,123.2
CRYSTAL STUD EARRINGS CLEAR DISPLAY,324,123.12
LARGE PARLOUR FRAME,27,122.85
PURPLE GEMSTONE BRACELET,19,122.84
RUBY GLASS CLUSTER BRACELET,20,122.64000000000001
CANDY SPOT HEART DECORATION,146,122.08
TURQUOISE GLASS TASSLE BAG CHARM ,57,121.38000000000001
"RETRO ""TEA FOR ONE"" ",21,120.99
ZINC HEART LATTICE 2 WALL PLANTER,19,120.64999999999999
PAIR BUTTERFLY HAIR CLIPS,32,120.34
VINTAGE ZINC PLANTER  ,32,120.08000000000001
DAISY FOLKART HEART DECORATION,96,120.0
GIFT BAG LARGE SPOT ,96,120.0
ANT COPPER RED BOUDICCA BRACELET,24,119.91000000000001
BLUE MURANO TWIST NECKLACE,12,119.89
MIDNIGHT BLUE PAIR HEART HAIR SLIDE,32,119.84
PACK 3 FIRE ENGINE/CAR PATCHES,86,119.65
FROSTED WHITE BASE ,239,119.64
LUNCH BAG VINTAGE DOILEY ,71,119.63
TURQUOISE CRYSTAL+GLASS BRACELET,24,119.23
GROOVY CACTUS INFLATABLE,303,119.08999999999999
SPACE CADET WHITE,98,119.03
PINK OVAL JEWELLED MIRROR,20,119.0
SET OF 12 T-LIGHTS VINTAGE DOILEY,61,118.94999999999999
FOLDING MIRROR HOT PINK ,156,118.91999999999999
SET/6 POSIES PAPER PLATES,125,118.72999999999999
STRIPES DESIGN MONKEY DOLL,39,118.72999999999999
HEN HOUSE W CHICK STANDING,283,118.21
AMBER CHUNKY BEAD BRACELET W STRAP,13,117.73
HEART T-LIGHT HOLDER ,78,117.57
AMBER DROP EARRINGS W LONG BEADS,40,117.24000000000001
CITRUS GARLAND FELT FLOWERS ,60,117.0
ZINC SWEETHEART SOAP DISH,62,116.82000000000001
FRENCH STYLE STORAGE JAR JAM,323,116.58999999999999
BLACK SILOUETTE CANDLE PLATE,137,116.44999999999999
SUMMER FUN DESIGN SHOWER CAP,325,116.32999999999998
LARGE ZINC GLASS CANDLEHOLDER,34,116.06
WHITE CHRYSANTHEMUMS ART FLOWER,55,115.50000000000001
TEATIME PUSH DOWN RUBBER,479,115.3
LONG SILVER NECKLACE PASTEL FLOWER,9,114.48
WALL ART BICYCLE SAFTEY ,21,114.15
TURQ STONE/CRYSTAL EARRINGS,39,113.97
SET/3 RABBITS FLOWER SKIPPPING ROPE,127,113.41
LARGE BLUE PROVENCAL CERAMIC BALL,49,113.05000000000001
ASS FLORAL PRINT SPIRIT LEVEL ,101,112.81
PSYCHEDELIC WALL THERMOMETER,80,112.47999999999999
CRYSTAL PAIR HEART HAIR SLIDES,30,112.26
NECKLACE+BRACELET SET BLUE BLOSSOM,45,112.21
PAISLEY PATTERN  STICKERS,125,111.86
"LETTER ""A"" BLING KEY RING",130,111.66
"FLOWER GLASS GARLD NECKL36""AMETHYST",14,110.95
BLACK DIAMANTE EXPANDABLE RING,26,110.09
PURPLE BERTIE GLASS BEAD BAG CHARM,95,110.03
POSY CANDY BAG,92,109.96
BLACK GRAND BAROQUE PHOTO FRAME,50,109.94
VINTAGE KITCHEN PRINT PUDDINGS,43,109.64999999999999
GREEN MURANO TWIST NECKLACE,11,109.53999999999999
PINK CRYSTAL+GLASS BRACELET,22,109.48
HILDA CANDY SPOT RABBIT,25,109.23
HANGING BAUBLE T-LIGHT HOLDER LARGE,33,108.71000000000001
PAPER LANTERN 6 POINT SNOW STAR,26,107.9
MIRRORED WALL ART TABLE LAMP,75,107.75
PINK FELT HANGING HEART W FLOWER,106,107.72
LAVENDER INCENSE 40 CONES IN TIN,109,107.44999999999999
BEADED CRYSTAL HEART BLUE SMALL,80,107.31
HOUSE WRECKING METAL SIGN ,51,107.10000000000001
SET 10 CARDS DINKY TREE 17076,43,107.07000000000001
SMALL PARLOUR FRAME,42,106.98000000000002
"ACRYLIC JEWEL ICICLE, PINK",266,106.97
"ACRYLIC HANGING JEWEL,BLUE",270,106.81
PINK BERTIE GLASS BEAD BAG CHARM,115,106.24
TROPICAL LUGGAGE TAG,73,105.91
VINTAGE NOTEBOOK TRAVELOGUE,38,105.73
SILVER/M.O.P PENDANT ORBIT NECKLACE,17,105.71000000000001
BOTANICAL LILY GIFT WRAP,250,105.0
PACKING CHARGE,14,105.0
PINK SQUARE TABLE CLOCK,71,104.84
FOUR RABBIT EASTER DECORATIONS,72,104.84
12 PINK HEN+CHICKS IN BASKET,41,104.55
DRAGONS BLOOD INCENSE,423,104.44
SMALL BLUE PROVENCAL CERAMIC BALL,62,103.93999999999998
PAINTED LIGHTBULB STAR+ MOON,181,103.64999999999999
PACK/12 XMAS FUN CARD,35,103.25000000000001
IVORY SHELL HEART NECKLACE,21,103.13
75 GREEN FAIRY CAKE CASES,70,102.91000000000001
NUMBER TILE VINTAGE FONT 0,70,102.46
PURPLE GEMSTONE NECKLACE 45CM,8,102.0
WHITE VINT ART DECO CRYSTAL NECKLAC,12,102.0
"LARGE CAKE TOWEL, CHOCOLATE SPOTS",11,101.53
PINK CAT FLORAL CUSHION COVER ,25,100.97
PINK STRING CURTAIN WITH POLE,30,100.86
MINI HIGHLIGHTER PENS,840,100.79999999999998
PINK/FLOWER RABBIT EGG WARMER ,119,100.76
Dotcomgiftshop Gift Voucher £40.00,3,100.69999999999999
MIRRORED WALL ART FOXY,16,100.66000000000001
BLACK/WHITE GLASS/SILVER BRACELET,11,100.08999999999999
SET 10 CARDS RED RIDING HOOD 17214,40,99.60000000000001
LILY BROOCH OLIVE COLOUR,20,99.60000000000001
LAVENDER INCENSE IN TIN,172,99.29
VINTAGE ZINC WATERING CAN SMALL,18,99.2
TUSCAN VILLA DOVECOTE,12,99.0
TUSCAN VILLA FEEDING STATION,12,99.0
BUNDLE OF 3 RETRO EXERCISE BOOKS,60,98.99999999999999
YELLOW FLOWERS FELT HANDBAG KIT,46,98.63000000000001
PAINTED LIGHTBULB RAINBOW DESIGN,153,98.53999999999999
WHITE FRANGIPANI NECKLACE,39,98.07
CHERRY BLOSSOM CANVAS ART PICTURE,41,97.95
BLUE GREEN EMBROIDERY COSMETIC BAG,35,97.13
AMETHYST DIAMANTE EXPANDABLE RING,23,97.02
PINK CANDYSTUFT ARTIFICIAL FLOWER,137,96.88999999999999
PAIR OF ENAMEL BUTTERFLY HAIRCLIP,29,96.86
PINK HYDRANGEA ART FLOWER,46,96.60000000000001
GOLD M.O.P ORBIT BRACELET,18,96.52000000000001
SWEET PUDDING STICKER SHEET,98,95.52999999999999
BUTTERFLY HAIR BAND,38,95.41999999999999
RECIPE BOX WITH METAL HEART,12,95.4
FINE SILVER NECKLACE W PASTEL FLOWE,17,95.35000000000001
"FLOWER GLASS GARLAND NECKL.36""BLACK",12,95.35000000000001
AMBER CHUNKY GLASS+BEAD NECKLACE,8,95.25
CHERRY BLOSSOM LUGGAGE TAG,73,95.17999999999999
FLAMES SUNGLASSES PINK LENSES,52,95.1
TEAL/FUSCHIA COL BEAD NECKLACE,19,94.43
VIP PASSPORT COVER ,43,94.04
HOME SWEEET HOME 3 PEG HANGER ,25,93.75
PINK GREEN EMBROIDERY COSMETIC BAG,33,93.19
BLUE PAISLEY NOTEBOOK,56,92.39999999999999
GOLD M.O.P ORBIT DROP EARRINGS,22,92.28
PINK STOCKING CHRISTMAS DECORATION,226,92.21000000000001
PINK MARSHMALLOW SCARF KNITTING KIT,36,91.8
BROWN KUKUI COCONUT SEED NECKLACE,77,91.7
PINK GLASS CHUNKY CHARM BRACELET,10,91.68
VINTAGE KEEPSAKE BOX PINK FLOWER,20,91.48
DOUBLE CERAMIC PARLOUR HOOK,22,91.30000000000001
FIRST CLASS HOLIDAY PURSE ,31,90.42
JASMINE VOTIVE CANDLE,338,90.33999999999999
PINK ROSEBUD & PEARL NECKLACE,12,90.32
EDWARDIAN DROP EARRINGS JET BLACK,24,90.2
SILVER  CANDLEPOT JARDIN ,24,90.0
BAG OF SILVER STONES,131,89.94999999999999
4 PINK FLOCK CHRISTMAS BALLS,50,89.72
WOODEN BOX ADVENT CALENDAR ,10,89.5
SET/3 TALL GLASS CANDLE HOLDER PINK,4,89.22
PINK HEART OF GLASS BRACELET,15,89.12
GREEN PEONY CUSHION COVER,19,88.35000000000001
S/3 PINK SQUARE PLANTERS ROSES,10,88.22
PINK & WHITE ROSEBUD RING,21,88.04
RED GLASS TASSLE BAG CHARM,40,88.03
BLUE KNITTED EGG COSY,156,87.56
12 HANGING EGGS HAND PAINTED,42,87.36
GOLD FABRIC MIRROR,180,86.76
SET/4 MODERN VINTAGE COTTON NAPKINS,77,86.75
SET 10 CARDS 12 DAYS WRAP  17058,26,86.58000000000001
GREEN PAIR HEART HAIR SLIDES,23,86.11
SMOKEY GREY COLOUR GLASS,240,85.91999999999999
PAINTED SEA SHELL METAL WINDCHIME,93,85.31
GOLDIE LOOKING MIRROR,17,84.15
MEDIUM PARLOUR FRAME ,22,84.1
"TUMBLER, BAROQUE",56,84.03999999999999
WRAP FOLK ART,200,84.0
FROG CANDLE,64,83.78
RUBY DROP CHANDELIER EARRINGS,21,83.42
Dotcomgiftshop Gift Voucher £100.00,1,83.33
GREEN HEART OF GLASS BRACELET,14,83.29
PINK GLASS TASSLE BAG CHARM ,45,82.97999999999999
BLUE WIRE SPIRAL CANDLE HOLDER,12,82.57
PINK AND BLACK STRING CURTAIN,38,82.1
FOLK ART METAL HEART T-LIGHT HOLDER,163,82.1
TEATIME GEL PENS ASST,504,82.08
BLUE BLOSSOM HAIR CLIP,70,81.96000000000001
POCKET MIRROR WOODLAND,94,81.8
TROPICAL HOLIDAY PURSE ,32,81.66
A4 WALL TIDY BLUE OFFICE,127,80.96000000000001
BLUE GLASS CHUNKY CHARM BRACELET,9,80.55
"GREETING CARD,SQUARE, DOUGHNUTS",174,80.46
FLOWERS TILE HOOK,59,80.16000000000001
SET 36 COLOUR PENCILS DOILEY,64,80.0
GREEN GLASS TASSLE BAG CHARM,35,79.76
PINK MURANO TWIST NECKLACE,8,79.66
ANT SILVER LIME GREEN BOUDICCA RING,27,79.65
RED PEONY CUSHION COVER ,17,79.05000000000001
SMALL ZINC/GLASS CANDLEHOLDER,53,78.92999999999999
FLORAL BATHROOM SET,21,78.75
FIRE POLISHED GLASS BRACELET GREEN,21,78.69
PINK B'FLY C/COVER W BOBBLES,12,78.17
CUBIC MUG FLOCK BLUE ON BROWN,131,78.09
RASPBERRY ANT COPPER FLOWER NECKLAC,13,77.91
CRYSTAL FROG PHONE CHARM,102,77.78999999999999
CLASSIC CROME BICYCLE BELL ,60,77.4
PURPLE GLASS TASSLE BAG CHARM,42,77.03999999999999
36 PENCILS TUBE POSY,79,76.91
PINK KNITTED EGG COSY,147,76.69
POLYESTER FILLER PAD 65CMx65CM,18,76.5
SWEETHEART CARRY-ALL BASKET,6,76.44
NECKLACE+BRACELET SET BLUE HIBISCUS,27,76.38
BLACK VINT ART DEC CRYSTAL NECKLACE,9,76.32
DROP DIAMANTE EARRINGS CRYSTAL,26,76.23
PINK HEART RED HANDBAG,29,76.14
CLEAR MILKSHAKE GLASS,36,75.60000000000001
SET OF 36 SPACEBOY PAPER DOILIES,51,75.42
PARTY TIME DESIGN FLANNEL,86,75.35
PERIWINKLE T-LIGHT HOLDER,48,75.02
VINTAGE ENGRAVED HEART,60,75.0
Dotcomgiftshop Gift Voucher £10.00,9,74.97
PAPER LANTERN 9 POINT HOLLY STAR 23,18,74.7
"GREETING CARD, OVERCROWDED POOL.",270,74.7
ALUMINIUM HEART,30,74.7
ORIGAMI OPIUM INCENSE/CANDLE SET ,68,74.64
PINK DAISY BAG CHARM,30,74.64
ASSORTED FARMYARD ANIMALS IN BUCKET,90,74.58
SET/6 POSIES PAPER CUPS,141,74.57000000000001
DIAMANTE HAIR GRIP PACK/2 CRYSTAL,45,74.53
"DECORATION HEN ON NEST, HANGING",42,74.42999999999999
LILY BROOCH AMETHYST COLOUR,15,74.25
NECKLACE+BRACELET PINK BUTTERFLY,29,73.95
DROP DIAMANTE EARRINGS PURPLE,25,73.53
SET OF 12 MINI BUNNIES IN A BUCKET,35,73.5
"LETTER ""C"" BLING KEY RING",91,72.77
PURPLE FRANGIPANI NECKLACE,29,72.66
EASTER BUNNY WITH BASKET ON BACK,108,72.63
WATERMELON BATH SPONGE,29,72.49
4 BURGUNDY WINE DINNER CANDLES,57,72.46
LUSH GREENS RIBBONS,56,72.42
SPOTTED WHITE NATURAL SEED NECKLACE,72,72.0
"FLOWER GLASS GARLAND NECKL.36""BLUE",9,71.4
SET OF 36 VINTAGE CHRISTMAS DOILIES,38,71.27
ORIGAMI VANILLA INCENSE CONES,155,71.19
DECROTIVEVINTAGE COFFEE GRINDER BOX,12,71.08
YELLOW POT PLANT CANDLE,23,71.05
"LETTER ""S"" BLING KEY RING",94,71.0
DIAMOND LAS VEGAS NECKLACE 45CM,12,70.97
CONGRATULATIONS BUNTING,13,70.85000000000001
"GREETING CARD, STICKY GORDON",245,70.78
STRIPY DESIGN SHOWER CAP,197,70.57
WAKE UP COCKEREL TILE HOOK,50,70.45
EAU DE NILE JEWELLED T-LIGHT HOLDER,79,70.27
CRACKED GLAZE NECKLACE RED,10,70.16
WRAP BAD HAIR DAY,700,70.0
CLEAR STATIONERY BOX SET ,84,69.89999999999999
TURQUOISE BERTIE GLASS BEAD CHARM,77,69.85
ELVIS WALLHANGING / CURTAIN,52,69.84
ROUND PURPLE CLOCK WITH SUCKER,367,69.73
SET OF 36 DOLLY GIRL PAPER DOILIES,45,69.66
5 STRAND GLASS NECKLACE BLACK,11,69.63
CROCHET WHITE RABBIT KEYRING ,38,69.38
SILVER BLACK ORBIT BRACELET,13,68.73
PINK METAL SWINGING BUNNY,78,68.69999999999999
SILVER/NATURAL SHELL NECKLACE,8,68.0
CHRISTMAS MUSICAL ZINC HEART ,58,67.89999999999999
SILVER LARIAT BLACK STONE EARRINGS,16,67.87
"FOLK ART GREETING CARD,pack/12",23,67.85000000000001
MIDNIGHT BLUE COPPER FLOWER NECKLAC,11,67.83
RESIN NECKLACE W PASTEL BEADS,9,67.62
BLUE TRAVEL FIRST AID KIT,41,67.50999999999999
"BATHROOM SCALES, TROPICAL BEACH",18,67.5
YELLOW FELT HANGING HEART W FLOWER,87,67.39
SILVER DROP EARRINGS WITH FLOWER,18,67.36
NEW BAROQUE B'FLY NECKLACE RED,8,67.28
YELLOW BREAKFAST CUP AND SAUCER,55,67.13000000000001
BLUE DISCO HANDBAG,32,66.75999999999999
MURANO STYLE GLASS BRACELET BLACK,18,66.7
"ACRYLIC HANGING JEWEL,PINK",95,66.55
BEACH HUT MIRROR,49,66.39
ORIGAMI SANDLEWOOD INCENSE+FLOWER,81,66.36000000000001
QUEEN OF THE SKIES HOLIDAY PURSE ,25,66.26
SET OF 3 CONEY ISLAND OVAL BOXES,13,66.12
SPACE CADET BLACK,53,65.49
"LETTER ""L"" BLING KEY RING",94,65.03999999999999
PACK/12 BLUE FOLKART CARDS,22,64.9
CRYSTAL HOOP EARRING FLORAL LEAF,22,64.58
BISCUIT TIN VINTAGE LEAF,24,64.56
PINK ENAMEL FLOWER HAIR TIE,22,64.46000000000001
DIAMANTE BOW BROOCH BLACK COLOUR,10,64.38
PURPLE ENAMEL FLOWER HAIR TIE,22,64.28
"FLOWER GLASS GARLD NECKL36""TURQUOIS",8,64.08
AMBER GLASS/SHELL/PEARL NECKLACE,7,64.04
16 PC CUTLERY SET PANTRY DESIGN,4,63.8
BLUE SQUARE COMPACT MIRROR,51,63.75
MONEY BOX FIRST ADE DESIGN,51,63.75
SILVER LATTICE VANILLA CANDLE POT,17,63.75
PINK FLY SWAT,92,63.720000000000006
BLACK GEMSTONE NECKLACE 45CM,5,63.480000000000004
"ACRYLIC JEWEL SNOWFLAKE, PINK",162,63.28000000000001
TURQ ICE CREAM BUM BAG ,19,63.209999999999994
GREEN PENDANT TRIPLE SHELL NECKLACE,12,63.11
SAMPLES,2,63.05
CHRISTMAS CRAFT HEART STOCKING ,30,63.0
METAL RABBIT LADDER EASTER ,74,62.9
RED DAISY PAPER LAMPSHADE,50,62.5
SMALL HANGING GLASS+ZINC LANTERN,43,62.349999999999994
BLACK BIRD GARDEN DESIGN MUG,106,62.239999999999995
FAWN AND MUSHROOM GREETING CARD,128,62.06
ZINC HEART LATTICE CHARGER SMALL,21,61.95
CLEAR ACRYLIC FACETED BANGLE,41,61.56
CRYSTAL SEA HORSE PHONE CHARM,107,61.459999999999994
FLOWERS HANDBAG blue and orange,49,61.25
"WALL ART ,PUDDINGS ",8,61.2
AMETHYST DROP EARRINGS W LONG BEADS,21,61.08
CD WALL TIDY RED FLOWERS,163,61.05
SET OF 72 GREEN PAPER DOILIES,42,60.9
HANGING RIDGE GLASS T-LIGHT HOLDER,36,60.84
WHITE VINTAGE CRYSTAL BRACELET,9,60.75
"LETTER ""K"" BLING KEY RING",78,60.699999999999996
ORIENTAL RED CUSHION COVER ,13,60.45
CREAM CLIMBING HYDRANGA ART FLOWER,32,60.0
BILI NUT AND WOOD NECKLACE,50,59.89
GOLD DIAMANTE STAR BROOCH,12,59.800000000000004
"BREAD BIN, DINER STYLE, MINT",4,59.8
"BREAD BIN, DINER STYLE, IVORY",4,59.8
SET 10 CARDS DRESSING UP 17077,24,59.760000000000005
I LOVE LONDON WALL ART,12,59.400000000000006
RUSTIC STRAWBERRY JAMPOT SMALL,36,59.39999999999999
WAY OUT METAL SIGN ,36,59.39999999999999
ENGLISH ROSE METAL WASTE BIN,20,59.0
GREEN ENAMEL FLOWER HAIR TIE,20,58.71
GARDEN PATH POCKET BOOK,69,58.65
PINK FOXGLOVE ARTIIFCIAL FLOWER,23,58.64999999999999
COLUMBIAN  CUBE CANDLE ,105,58.62
SILVER/AMETHYST DROP EARRINGS LEAF,20,58.43
PINK ROUND COMPACT MIRROR,40,58.16
BLACK ORANGE SQUEEZER,138,57.96
TEATIME PEN CASE & PENS,68,57.8
GREY ACRYLIC FACETED BANGLE,34,57.55
RETRO PINK BALL ASHTRAY ,46,57.5
TOP SECRET PEN SET,46,57.5
SET 4 NURSERY DES ROUND BOXES,55,57.25
"LETTER ""J"" BLING KEY RING",71,57.21
GREEN EASTER EGG HUNT START POST,28,56.779999999999994
5 STRAND GLASS NECKLACE AMETHYST,9,56.59
PINK/PURPLE CIRCLE CURTAIN,52,56.52
ROSE COLOUR PAIR HEART HAIR SLIDES,15,56.31
BLUE TABLE RUN FLOWER,45,56.25
GLASS AND PAINTED BEADS BRACELET TO,15,56.15
CRACKED GLAZE NECKLACE IVORY,8,55.72
CLASSICAL ROSE TABLE LAMP,6,55.7
FILIGREE DIAMANTE EARRINGS,13,55.02
BLACK SMALL GLASS CAKE STAND,61,54.99
SILVER M.O.P. ORBIT NECKLACE,11,54.800000000000004
RUBY GLASS CLUSTER EARRINGS,44,54.62
COLUMBIAN CUBE CANDLE,28,54.599999999999994
GOLD WASHBAG,27,54.57
MURANO STYLE GLASS BRACELET GOLD,15,54.42
CHRYSANTHEMUM POCKET BOOK ,64,54.4
MURANO STYLE GLASS BRACELET RED,14,54.290000000000006
FAIRY CAKE NOTEBOOK A5 SIZE,55,54.04
BLACK CHERRY LIGHTS,8,54.0
BLUE TILED TRAY,8,54.0
SPACEBOY MINI RUCKSACK,13,53.95
"GREETING CARD, TWO SISTERS.",127,53.88
MIDNIGHT BLUE DROP CRYSTAL NECKLACE,11,53.760000000000005
"PEARL & SHELL 42""NECKL. GREEN",5,53.62
ZINC HEART LATTICE TRAY OVAL ,9,53.550000000000004
GREEN FERN POCKET BOOK,63,53.55
LITTLE GREEN MONSTER SOFT TOY,21,53.55
TURQUOISE HEART OF GLASS BRACELET,9,53.42
JET BLACK LAS VEGAS NECKLACE 45CM,9,53.260000000000005
"LETTER ""E"" BLING KEY RING",72,53.199999999999996
BLUE ROSE PATCH PURSE PINK BUTTERFL,32,52.8
WHITE ROSEBUD & PEARL NECKLACE,7,52.72
2 DAISIES HAIR COMB,18,52.56
DIAMANTE NECKLACE PURPLE,7,52.5
HELLO SAILOR BATHROOM SET,14,52.5
BLUE CLIMBING HYDRANGA ART FLOWER,38,52.5
WHITE/PINK MINI CRYSTALS NECKLACE,10,52.42
TURQ PENDANT TRIPLE SHELL NECKLACE,10,52.31
LA PALMIERA TILE HOOK,48,52.25
COLOURFUL FLOWER FRUIT BOWL,17,52.2
DOORKNOB CERAMIC IVORY,36,52.199999999999996
RETO LEAVES MAGNETIC SHOPPING LIST,36,52.199999999999996
FRENCH CHATEAU SMALL FRUITBOWL,24,51.599999999999994
LARGE MINT DIAMANTE HAIRSLIDE,31,51.51
RETRO BROWN BALL ASHTRAY ,41,51.25
VINTAGE PHOTO ALBUM PARIS DAYS,8,50.8
SET OF 4 GREEN CAROUSEL COASTERS,35,50.75
BLUE FELT HANGING HEART WITH FLOWER,75,50.57
SILVER BLACK ORBIT DROP EARRINGS,12,50.400000000000006
S/3 POT POURI CUSHIONS BLUE COLOURS,24,50.400000000000006
FUSCHIA VOILE POINTY SHOE DEC,97,50.31
PINK FEATHERS CURTAIN,52,50.28
"LETTER ""D"" BLING KEY RING",68,49.9
"LETTER ""M"" BLING KEY RING",60,49.82
PURPLE AMETHYST NECKLACE W TASSEL,5,49.81
SET 10 CARD KRAFT REINDEER 17084,20,49.800000000000004
VEGETABLE MAGNETIC  SHOPPING LIST,36,49.8
VINTAGE ENAMEL & CRYSTAL NECKLACE,10,49.760000000000005
CHERRY BLOSSOM PURSE,20,49.69
WHITE ENAMEL FLOWER HAIR TIE,17,49.65
MOP PENDANT SHELL NECKLACE,10,49.64
RIVIERA NECKLACE,10,49.59
CORDIAL JUG,6,49.5
CHRISTMAS TREE T-LIGHT HOLDER,34,49.3
SET/6 GREEN SPRING PAPER CUPS,233,48.99
PINK FLOWERS RABBIT EASTER,21,48.95
GLASS AND PAINTED BEADS BRACELET OL,13,48.77
BUTTONS AND STRIPES NOTEBOOK ,13,48.75
FLOWER BURST SILVER RING CRYSTAL,13,48.71
CAKE SHOP  STICKER SHEET,57,48.449999999999996
SUNJAR LED NIGHT NIGHT LIGHT,3,48.39
LARGE CRYSTAL DIAMANTE HAIRSLIDE,29,48.209999999999994
PURPLE DRESS JEWELLERY STAND,61,48.19
AQUA BERTIE GLASS BEAD BAG CHARM,30,48.06
DAISY HAIR COMB,19,47.839999999999996
FLOWER GARLAND NECKLACE RED,6,47.7
"WALL ART , LOVES' SECRET ",8,47.6
WHITE ROSEBUD  PEARL EARRINGS,19,47.43
LOVE POTION MASALA INCENSE,225,47.25
RED PEONY TABLE CLOCK,16,47.2
YELLOW/BLUE RETRO RADIO,16,47.2
SET OF 6 ICE CREAM SKITTLES,16,47.2
BLUE MONTE CARLO HANDBAG,24,46.8
PINK SMALL GLASS CAKE STAND,24,46.8
SILVER/CRYSTAL DROP EARRINGS W LEAF,16,46.76
RED POLKADOT PUDDING BOWL,34,46.39
WHITE WIRE PLANT POT HOLDER,16,46.24
WHITE HYDRANGEA ART FLOWER,22,46.2
PAPER LANTERN 5 POINT STUDDED STAR,8,46.0
ROMANTIC IMAGES SCRAP BOOK SET,16,45.9
BLACK DROP CRYSTAL NECKLACE,13,45.35000000000001
BLACK VINTAGE  CRYSTAL EARRINGS,12,45.0
SET 6 CARDS SPARKLY REINDEER 17262,9,44.910000000000004
IVORY PENDANT TRIPLE SHELL NECKLACE,9,44.86
PINK BUTTERFLY CUSHION COVER,23,44.849999999999994
FROG SOCK PUPPET,15,44.25000000000001
VIP HOLIDAY PURSE,14,44.04
BLUE FLOWER DES PURSE,44,43.66
"RETRO PILL BOX KEY CHAIN,THE KING",235,43.65
CHUNKY CRACKED GLAZE NECKLACE IVORY,4,43.510000000000005
LITTLE PINK MONSTER SOFT TOY,17,43.349999999999994
BLUE CHENILLE SHAGGY CUSHION COVER ,43,43.15
PINK BREAKFAST CUP AND SAUCER ,23,43.050000000000004
T-LIGHT HOLDER SILVER SAUCER,44,42.919999999999995
KNITTED RABBIT DOLL ,26,42.9
WRAP SUMMER ROSE DESIGN,102,42.84
GOLD TEDDY BEAR,15,42.7
TRANSPARENT ACRYLIC TAPE DISPENSER,40,42.58
PINK BUTTERFLY WASHBAG,9,42.29
NEW BAROQUE SMALL NECKLACE BLACK,5,42.14
NEW BAROQUE B'FLY NECKLACE CRYSTAL,5,42.13
WRAP  VINTAGE DOILEY ,100,42.0
TRANQUILITY MASALA INCENSE,200,42.0
"WRAP, CAROUSEL",100,42.0
WHITE MURANO TWIST BRACELET,10,41.790000000000006
ECONOMY HOLIDAY PURSE,30,41.53
PAPER LANTERN 5 POINT STAR MOON 30,10,41.5
FAN BLACK FRAME ,143,41.47
DIAMANTE HAIR GRIP PACK/2 PERIDOT,25,41.449999999999996
DIAMANTE HAIR GRIP PACK/2 RUBY,25,41.37
FIRE POLISHED GLASS BRACELET MONTAN,11,41.31
CANDY SPOT BUNNY,14,41.300000000000004
ANT SILVER FUSCHIA BOUDICCA RING,14,41.300000000000004
CREAM AND PINK FLOWERS PONY ,11,41.25
CREAM BUNNY EASTER EGG BASKET,25,41.24999999999999
"STRING OF 8 BUTTERFLIES,PINK",25,41.24999999999999
PINK VINTAGE VICTORIAN EARRINGS,14,41.150000000000006
DROP DIAMANTE EARRINGS GREEN,14,41.080000000000005
DROP DIAMANTE EARRINGS BLACK DIAMON,14,41.010000000000005
BLACK 3 BEAD DROP EARRINGS,14,40.96
GREEN STONE/CRYSTAL EARRINGS,14,40.95
CLASSIC DIAMANTE EARRINGS JET,14,40.900000000000006
MINITURE ANTIQUE ROSE HOOK IVORY,48,40.8
DOGGY RUBBER,193,40.53
CD WALL TIDY BLUE OFFICE,103,40.379999999999995
"LETTER ""G"" BLING KEY RING",60,40.199999999999996
ROUND BLUE CLOCK WITH SUCKER,211,40.09
CANDY SPOT TEA COSY,27,40.05
GREEN DROP EARRINGS W BEAD CLUSTER,12,40.03
PINK ROSEBUD PEARL EARRINGS,16,39.98
PINK CLEAR GLASS CANDLE PLATE,30,39.92
ROCOCO WALL MIROR,2,39.9
ORANGE/WHT/FUSCHIA STONES NECKLACE,8,39.660000000000004
FREESTYLE CANVAS ART PICTURE,41,39.65
CHILDRENS SPACEBOY MUG,24,39.599999999999994
PINK DOG CANNISTER,14,39.3
SET/4 BUTTERFLY MIRROR MAGNETS,79,39.199999999999996
MULTICOLOUR EASTER RABBIT ,20,39.0
FUSCHIA TABLE RUN FLOWER ,27,38.75
WHITE VINTAGE CRYSTAL EARRINGS,10,38.7
BLACK MEDIUM GLASS CAKE STAND,19,38.69
BLUE POLKADOT PUDDING BOWL,29,38.67
ASSORTED COLOUR SUCTION CUP HOOK,202,38.38
PINK EASTER HENS+FLOWER,14,38.31
LA PALMIERA WALL THERMOMETER,15,38.25
NEW BAROQUE BLACK BOXES,3,38.25
GOLD/AMBER DROP EARRINGS W LEAF,13,38.18
FLAG OF ST GEORGE ,23,37.95
PINK CHRYSANTHEMUMS ART FLOWER,18,37.800000000000004
MONTANA DIAMOND CLUSTER NECKLACE,4,37.66
5 STRAND GLASS NECKLACE AMBER,6,37.620000000000005
JET BLACK LAS VEGAS BRACELET ROUND,10,37.62
PAPER LANTERN 9 POINT HOLLY STAR 40,6,37.5
IVORY SCULPTED RND CANDLE ,44,37.4
BLACK DIAMOND CLUSTER NECKLACE,4,37.239999999999995
HOT WATER BOTTLE BABUSHKA LARGE,8,37.2
MONEY BOX FIRST AID DESIGN,44,36.78
CRYSTAL STILETTO PHONE CHARM,34,36.76
"LETTER ""H"" BLING KEY RING",48,36.76
PINK PARTY SUNGLASSES,20,36.76
SQUARE METAL CANDLEHOLDER BASE,52,36.519999999999996
WHITE/PINK CHICK EASTER DECORATION,37,36.33
CROCHET BEAR RED/BLUE  KEYRING,22,36.3
VANILLA INCENSE 40 CONES IN TIN,29,36.25
HEN HOUSE W FAMILY IN BARN & NEST,51,36.21
ASSORTED CAKES FRIDGE MAGNETS,55,35.75
NECKLACE+BRACELET SET FRUIT SALAD ,14,35.699999999999996
BLACK FINE BEAD NECKLACE W TASSEL,6,35.44
"RETRO PILL BOX , REVOLUTIONARY",190,35.33
AMBER FINE BEAD NECKLACE W TASSEL,6,35.31
WHITE HEART OF GLASS BRACELET,6,35.31
BLACK CRYSTAL DROP EARRINGS,12,35.27
FIRE POLISHED GLASS NECKL GREEN,6,35.160000000000004
AMETHYST HOOP EARRING FLORAL LEAF,12,35.11
PINK/AMETHYST/GOLD NECKLACE,5,34.870000000000005
LEAVES MAGNETIC  SHOPPING LIST,24,34.8
IVORY GOLD METAL BAG CHARM,5,34.77
DIAMANTE HAIR GRIP PACK/2 LT ROSE,21,34.69
GOLD APERITIF GLASS,88,34.32
FLOWER BLUE CLOCK WITH SUCKER,117,33.93
FUNKY FLOWER PICNIC BAG FOR 4,2,33.9
GLASS BEAD HOOP NECKLACE GREEN,4,33.82
NEW BAROQUE B'FLY NECKLACE GREEN,4,33.81
BLUE STONES ON WIRE FOR CANDLE,404,33.75
GLASS AND BEADS BRACELET IVORY,9,33.69
BLACK SIL'T SQU CANDLE PLATE ,16,33.6
AMBER GLASS TASSLE BAG CHARM,14,33.440000000000005
DOLLY GIRL MINI RUCKSACK,8,33.2
WHITE WITH BLACK CATS PLATE,78,33.18
WHITE CHRISTMAS FLOCK DROPLET ,25,32.51
HARDMAN MUG 3 ASSORTED,65,32.42
FLOWER FAIRY INCENSE BOUQUET,61,32.349999999999994
DANISH ROSE UMBRELLA STAND,2,31.9
"FLOWER GLASS GARLAND NECKL.36""GREEN",4,31.8
SET/9 CHRISTMAS T-LIGHTS SCENTED ,25,31.25
SET 10 CARDS CHEERFUL ROBIN 17065,15,31.200000000000003
SET 12 COLOUR PENCILS DOILEY,48,31.200000000000003
YULETIDE IMAGES S/6 PAPER BOXES,12,30.599999999999998
CANNABIS LEAF BEAD CURTAIN,36,30.599999999999998
BAKING MOULD CHOCOLATE CUP CAKES,12,30.599999999999998
BAKING MOULD CUPCAKE CHOCOLATE,12,30.599999999999998
MULTICOLOUR POLKADOT PLATE,29,30.43
DIAMANTE NECKLACE BLACK ,4,30.12
GIFT BAG LARGE 50'S CHRISTMAS,24,30.0
ENAMEL JUG PANTRY,8,30.0
ENAMEL BOWL PANTRY,24,30.0
BIRTHDAY BANNER TAPE,24,30.0
BLACK CHRISTMAS FLOCK DROPLET ,24,30.0
BUTTERFLY CUSHION COVER,8,30.0
DIAMANTE NECKLACE GREEN,4,29.98
BLACK GEMSTONE BRACELET,4,29.98
FIRE POLISHED GLASS BRACELET RED,8,29.96
CAPIZ CHANDELIER,1,29.95
JADE CRYSTAL+GLASS BRACELET,6,29.93
GLASS CAKE COVER AND PLATE,2,29.9
PALE PINK/AMETHYST STONE NECKLACE,3,29.849999999999998
SILVER/BLACK ORBIT NECKLACE,3,29.849999999999998
COTE D'AZURE NECKLACE,6,29.790000000000003
ANTIQUE OLIVE GREEN FLOWER EARRINGS,7,29.73
PINK MURANO TWIST BRACELET,7,29.73
"WALL ART,ONLY ONE PERSON ",6,29.700000000000003
LIGHTHOUSE PRINTED METAL SIGN,6,29.700000000000003
MODERN VINTAGE COTTON SHOPPING BAG,22,29.7
PINK FLOCK GLASS CANDLEHOLDER,38,29.68
"ACRYLIC JEWEL ANGEL,PINK",78,29.64
"LETTER ""I"" BLING KEY RING",38,29.619999999999997
CHERRY BLOSSOM TABLE CLOCK ,8,29.599999999999998
ANT SILVER PURPLE BOUDICCA RING,10,29.500000000000004
15 PINK FLUFFY CHICKS IN BOX,10,29.5
OLD DOC RUSSEL METAL SIGN,14,29.400000000000002
FRENCH CHATEAU OVAL PLATTER,15,29.25
"LETTER ""N"" BLING KEY RING",41,29.23
GLOW IN DARK DOLPHINS,139,29.19
BLACK DROP EARRINGS W LONG BEADS,10,29.05
GLITTER SNOW PEAR TREE DECORATION,20,28.999999999999996
SILVER/NAT SHELL NECKLACE W PENDANT,5,28.76
WHITE ALLIUM  ARTIFICIAL FLOWER,17,28.73
CLEAR CRYSTAL STAR PHONE CHARM,52,28.569999999999997
GLASS BEAD HOOP EARRINGS AMETHYST,9,28.4
ASS COL LARGE SAND FROG P'WEIGHT,27,28.35
PACK OF 12 DOILEY TISSUES,72,28.08
PURPLE FOXGLOVE ARTIIFCIAL FLOWER,11,28.049999999999997
JADE GREEN ENAMEL HAIR COMB,14,28.02
"LETTER ""R"" BLING KEY RING",41,28.009999999999998
PINK NEW BAROQUE FLOCK CANDLESTICK,6,27.900000000000002
SET 10 XMAS CARDS & BADGES 17070,11,27.39
SET 10 CARDS OUT OF ORDER 17216,11,27.39
ASSORTED COLOURED CIRCLE MOBILE ,65,27.3
LARGE ROUND CUTGLASS CANDLESTICK,2,27.14
ENVELOPE 50 CURIOUS IMAGES,50,27.02
High Resolution Image,4,27.0
PINK CHERRY LIGHTS,4,27.0
DUSTY PINK CHRISTMAS TREE 60CM,9,26.550000000000004
FROG KING WATERING CAN,9,26.55
DIAMANTE HAIR GRIP PACK/2 BLACK DIA,16,26.52
GINGHAM OVEN GLOVE RED HEART ,5,26.490000000000002
BEST DAD CANDLE LETTERS,31,26.349999999999998
PURPLE LAS VEGAS BRACELET ROUND,7,26.25
SET 10 CARDS WISHING TREE 17116,9,26.19
BLUE FELT HANGING HEART W FLOWER,16,26.11
BLUE EASTER EGG HUNT START POST,11,25.81
SET OF 16 VINTAGE IVORY CUTLERY,2,25.5
GLASS BEAD HOOP NECKLACE AMETHYST,3,25.5
GLASS BEAD HOOP NECKLACE MONTANA,3,25.32
TINY CRYSTAL BRACELET GREEN,10,25.279999999999998
PURPLE VINTAGE EARRINGS,6,25.17
DROP EARRINGS W FLOWER & LEAF,10,25.13
IVORY SHELL HEART EARRINGS,10,25.07
IVORY PANTRY HANGING LAMP ,2,25.0
LADLE LOVE HEART PINK,39,24.98
SILVER/BLACK PENDANT ORBIT NECKLACE,3,24.96
BELL HEART ANTIQUE GOLD,12,24.96
SET OF 4 KNICK KNACK TINS  DOILEY ,6,24.900000000000002
SET 10 CARDS PERFECT POST 17090,10,24.900000000000002
S/4 BLACK DISCO PARTITION PANEL,3,24.869999999999997
COPPER AND BRASS BAG CHARM,4,24.810000000000002
DIAMANTE HAIR GRIP PACK/2 MONTANA,15,24.79
"LETTER ""B"" BLING KEY RING",37,24.77
ORANGE PENDANT TRIPLE SHELL NECKLAC,5,24.75
GARDEN PATH NOTEBOOK ,15,24.75
SILVER LOOKING MIRROR,5,24.75
GIRLY PINK TOOL SET,5,24.75
75 BLACK PETIT FOUR CASES,58,24.36
MONTANA DIAMOND CLUSTER EARRINGS,9,24.119999999999997
PINK/WHITE RIBBED MELAMINE JUG,3,23.85
SET/3 FLORAL GARDEN TOOLS IN BAG,3,23.85
TOAST ITS - DINOSAUR,19,23.75
WHITE BIRD GARDEN DESIGN MUG,7,23.63
RABBIT EASTER DECORATION,8,23.6
CRYSTAL CZECH CROSS PHONE CHARM,25,23.47
"GARLAND, MAGIC GARDEN 1.8M",12,23.4
CANNISTER VINTAGE LEAF DESIGN,12,23.4
DIAMANTE NECKLACE,3,23.32
SET 10 CARD CHRISTMAS WELCOME 17112,8,23.28
AMBER 3 BEAD DROP EARRINGS,8,23.2
PURPLE FRANGIPANI HAIRCLIP,28,23.16
STORAGE TIN VINTAGE DOILEY ,7,23.13
ZINC PLANT POT HOLDER,8,23.12
HANGING HEART BASKET,11,23.1
PINK FELT EASTER EGG BASKET,14,23.099999999999998
DOTCOMGIFTSHOP TEA TOWEL,13,23.089999999999996
"LETTER ""Y"" BLING KEY RING",66,22.839999999999996
ZINC T-LIGHT HOLDER STARS LARGE,24,22.799999999999997
CRACKED GLAZE EARRINGS RED,9,22.58
CLASSIC DIAMANTE NECKLACE JET,3,22.48
FIRE POLISHED GLASS BRACELET BLACK,6,22.48
SET 10 CHRISTMAS CARDS HOHOHO 16956,9,22.410000000000004
SET 10 CARDS SCOTTIE DOG 17211,9,22.410000000000004
BIRD BOX CHRISTMAS TREE DECORATION,24,22.06
"PEARL & SHELL 42""NECKL. IVORY",2,21.5
BIRD ON BRANCH CANVAS SCREEN,11,21.45
CROCHET DOG KEYRING,13,21.449999999999996
FLORAL BLUE MONSTER,5,21.25
ANTIQUE MID BLUE FLOWER EARRINGS,5,21.15
ANTIQUE OPAL WHITE FLOWER EARRINGS,5,21.130000000000003
AMBER BERTIE GLASS BEAD BAG CHARM,11,21.05
WRAP GREEN RUSSIAN FOLKART ,50,21.0
WRAP A PRETTY THANK YOU,50,21.0
KEEP CALM BIRTHDAY WRAP,50,21.0
ANTIQUE RASPBERRY FLOWER EARRINGS,5,20.950000000000003
HEAVENS SCENT FRAGRANCE OILS ASSTD,72,20.88
WOODLAND MINI RUCKSACK ,5,20.75
ROSE PENDANT TRIPLE SHELL NECKLACE,4,20.36
"LETTER ""P"" BLING KEY RING",39,20.229999999999997
WHITE SILVER NECKLACE SHELL GLASS,2,20.17
BLUE FLOCK CUSHION COVER ,8,20.0
SET 10 CARDS JINGLE BELLS 17217,8,19.92
SET 10 CARDS SNOWY SNOWDROPS  17100,8,19.92
SET 10 CARDS JINGLE BELLS 16957,8,19.92
"CAKESTAND, 3 TIER, LOVEHEART",2,19.9
GIANT MEDINA STAMPED METAL BOWL ,2,19.9
YELLOW/PINK CERAMIC CANDLE HOLDER,6,19.81
RESIN BRACELET W PASTEL BEADS,4,19.8
ENAMEL DINNER PLATE PANTRY,12,19.799999999999997
PINK SMALL JEWELLED PHOTOFRAME,12,19.799999999999997
DOORKNOB CRACKED GLAZE PINK,12,19.799999999999997
DOORKNOB CRACKED GLAZE GREEN,12,19.799999999999997
YELLOW/ORANGE FLOWER DESIGN PLATE,68,19.72
FRENCH CHATEAU LARGE FRUIT BOWL ,10,19.5
"RETRO TIN ASHTRAY,REVOLUTIONARY",52,19.4
WHITE BEADED GARLAND STRING 20LIGHT,3,19.049999999999997
DAIRY MAID  PUDDING BOWL,5,18.75
CLAM SHELL LARGE,5,18.75
CRYSTAL CHANDELIER T-LIGHT HOLDER,3,18.75
PURPLE/COPPER HANGING LAMPSHADE,22,18.7
SMALL TAHITI BEACH BAG,4,18.6
PEARL AND CHERRY QUARTZ BRACLET,5,18.27
BLACK FEATHER CHRISTMAS DECORATION,96,18.240000000000002
CUPID SCENTED CANDLE IN GLASS,11,18.15
 TOADSTOOL BEDSIDE LIGHT ,2,17.9
FIRE POLISHED GLASS NECKL BRONZE,3,17.85
VINTAGE GLASS TEA CADDY,3,17.85
LARGE TAHITI BEACH BAG,2,17.82
LADLE LOVE HEART RED ,24,17.82
ROUND CACTUS CANDLE,6,17.700000000000003
ANT SILVER TURQUOISE BOUDICCA RING,6,17.700000000000003
GLASS BEAD HOOP EARRINGS BLACK,6,17.66
PURPLE FINE BEAD NECKLACE W TASSEL,3,17.59
MIDNIGHT BLUE CRYSTAL DROP EARRINGS,6,17.509999999999998
WHITE STONE/CRYSTAL EARRINGS,6,17.5
PINK/WHITE CHRISTMAS TREE 30CM,46,17.48
SET 10 CARDS XMAS GRAPHIC  17218,7,17.43
JAM JAR WITH BLUE LID,24,17.28
PINK/GREEN FLOWER DESIGN BIG MUG,40,17.16
HOLLY TOP CHRISTMAS STOCKING,20,17.0
VINTAGE BEAD PINK JEWEL BOX,4,17.0
ENGLISH ROSE SCENTED HANGING HEART,4,17.0
GLASS BELL JAR LARGE,2,17.0
GLASS BEAD HOOP NECKLACE BLACK,2,17.0
MINT DINER CLOCK,2,17.0
*Boombox Ipod Classic,1,16.98
*USB Office Mirror Ball,2,16.94
Dad's Cab Electronic Meter,2,16.94
NEW BAROQUE B'FLY NECKLACE PINK,2,16.82
NEW BAROQUE B'FLY NECKLACE MONTANA,2,16.810000000000002
PINK POODLE HANGING DECORATION ,5,16.8
BLUE/YELLOW FLOWER DESIGN BIG MUG,31,16.77
SET 10 CARDS CHRISTMAS TREE 16955,5,16.65
HAYNES CAMPER SHOULDER BAG,1,16.63
PINK COMBO MINI CRYSTALS NECKLACE,3,16.310000000000002
VINTAGE BEAD PINK SHADE ,13,16.25
PLAYING CARDS VINTAGE DOILEY ,13,16.25
BLUE HOLE PUNCH,13,16.25
PINK CRYSTAL SKULL PHONE CHARM,32,16.22
"LETTER ""V"" BLING KEY RING",26,15.979999999999999
3 WICK CHRISTMAS BRIAR CANDLE ,3,15.97
BLUE SHARK HELICOPTER,2,15.9
OCEAN STRIPE HAMMOCK ,2,15.9
GLASS BELL JAR SMALL,4,15.8
OOH LA LA DOGS COLLAR,1,15.79
GOLD FLOWER CUSHION COVER ,8,15.6
BLUE NETTING STORAGE HANGER,8,15.6
"LETTER ""F"" BLING KEY RING",27,15.429999999999998
"ACRYLIC JEWEL SNOWFLAKE,PINK",6,15.299999999999999
FLOWER FAIRY 5 SUMMER DRAW LINERS,6,15.299999999999999
BAKING MOULD TOFFEE CUP  CHOCOLATE,6,15.299999999999999
LIGHT TOPAZ TEAL/AQUA COL NECKLACE,3,15.16
PINK SWEETIE NECKLACE,2,15.120000000000001
LILAC VOTIVE CANDLE,72,15.120000000000001
PINK CHRISTMAS FLOCK DROPLET ,10,15.02
3 PINK HEN+CHICKS IN BASKET,12,15.0
ENAMEL MUG PANTRY,12,15.0
SET OF 6 EASTER RAINBOW CHICKS,12,15.0
PINK FLOCK SUEDE CUSHION COVER ,12,15.0
RUBY GLASS CLUSTER NECKLACE,2,15.0
PINK FLOCK PHOTO FRAME ,12,15.0
PINK/WHITE GLASS DEMI CHOKER,2,15.0
ROSE FLOWER CANDLE+INCENSE 16X16CM,4,15.0
SILVER 2 STRAND NECKLACE-LEAF CHARM,2,15.0
PAINTED HEART WREATH WITH BELL,12,15.0
BAROQUE BUTTERFLY EARRINGS CRYSTAL,4,14.96
SET 10 CARDS DAVID'S MADONNA 17074,6,14.940000000000001
FOLDING MIRROR IVORY ,18,14.939999999999998
FOLDING MIRROR RED  ,18,14.939999999999998
GREEN WITH METAL BAG CHARM,3,14.850000000000001
WHITE WITH METAL BAG CHARM,3,14.850000000000001
CURIOUS IMAGES SCRAP BOOK SET,3,14.850000000000001
CROCHET ROSE DES CLOTHES HANGER,5,14.750000000000002
SET 10 CARDS XMAS CHOIR 17068,5,14.55
GLASS BEAD HOOP EARRINGS GREEN,5,14.5
PASTEL BLUE PHOTO ALBUM ,29,14.5
AMETHYST 3 BEAD DROP EARRINGS,5,14.5
YELLOW/PINK FLOWER DESIGN BIG MUG,33,14.43
CAROUSEL PONIES BABY BIB,33,14.37
CRACKED GLAZE NECKLACE BROWN,2,14.14
ANTIQUE SILVER BOOK MARK WITH BEADS,17,14.11
BLUE CHECK BAG W HANDLE 34X20CM,17,14.11
"WALL ART , THE MAGIC FOREST ",2,13.9
LIGHT PINK FLOCK GLASS CANDLEHOLDER,36,13.680000000000003
GREEN/BLUE FLOWER DESIGN BIG MUG,23,13.65
ENVELOPE 50 ROMANTIC IMAGES,16,13.58
BLACK VINT ART DEC CRYSTAL BRACELET,2,13.5
"LETTER ""T"" BLING KEY RING",24,13.459999999999999
BLUE HANGING GINGHAM EASTER HEN,32,13.44
PINK HANGING GINGHAM EASTER HEN,32,13.44
SILVER AND BLACK ORBIT NECKLACE,2,13.350000000000001
SET 10 CARDS MAGICAL TREE 17086,4,13.32
CHRISTMAS TABLE CANDLE SILVER SPIKE,16,13.28
SET 10 CARDS HATS & STOCKINGS 17081,8,13.28
72 CAKE CASES VINTAGE CHRISTMAS,24,13.200000000000001
GREEN/BLUE CERAMIC CANDLE HOLDER,8,13.2
WISE MAN STAR SHAPE EGG PAN,24,13.14
"PET MUG, GOLDFISH",36,13.1
THE KING GIFT BAG,20,13.0
WINE BOTTLE DRESSING DARK BLUE,52,12.969999999999999
PINK TALL PORCELAIN T-LIGHT HOLDER ,5,12.75
POTTING SHED SOW 'N' GROW SET,2,12.72
CAMOUFLAGE DOG COLLAR,1,12.72
FRESHWATER PEARL BRACELET IVORY,5,12.7
CRACKED GLAZE EARRINGS BROWN,5,12.53
TINY CRYSTAL BRACELET BLUE,5,12.52
MARIE ANTOIENETT TRINKET BOX GOLD,1,12.5
BLUE TEATIME PRINT BOWL ,10,12.5
SET 10 CARDS CHRISTMAS HOLLY  17259,3,12.48
FILIGREE DIAMANTE CHAIN,1,12.48
SET 10 CARD SNOWMAN 16965,5,12.450000000000001
ASS COL SMALL SAND GECKO P'WEIGHT,29,12.18
FLAG OF ST GEORGE CAR FLAG,27,12.16
PURPLE CHUNKY GLASS+BEAD NECKLACE,1,11.95
LASER CUT MULTI STRAND NECKLACE,1,11.95
BLUE GINGHAM ROSE CUSHION COVER,2,11.9
PINK BAROQUE FLOCK CANDLE HOLDER,2,11.9
BLUE WHITE PLASTIC RINGS LAMPSHADE,14,11.899999999999999
"LETTER ""Z"" BLING KEY RING",22,11.84
BLUE BREAKFAST CUP AND SAUCER ,4,11.8
"ACRYLIC JEWEL ICICLE, BLUE",31,11.780000000000001
THE KING GIFT BAG 25x24x12cm,28,11.76
POP ART PUSH DOWN RUBBER ,98,11.759999999999998
SET 10 CARDS 12 DAYS OF XMAS 17059,4,11.64
SET 10 CARDS RUDOLPHS NOSE 17097,4,11.64
SMALL SINGLE FLAME CANDLE HOLDER,33,11.549999999999999
SET/4 GARDEN ROSE DINNER CANDLE,7,11.549999999999999
BLUE/GREEN SHELL NECKLACE W PENDANT,2,11.46
"FOOD COVER WITH BEADS , SET 2 SIZES",3,11.25
BAROQUE BUTTERFLY EARRINGS PINK,3,11.19
YELLOW PINK FLOWER DESIGN BIG BOWL,28,10.92
"S/4 ICON COASTER,ELVIS LIVES",25,10.61
WRAP  PINK FLOCK,25,10.5
WRAP BLUE RUSSIAN FOLKART,25,10.5
FOLKART CHRISTMAS TREE T-LIGHT HOLD,27,10.260000000000002
BLUE ORGANDY ROUND LAMPSHADE W BEA,12,10.2
PINK BOUDOIR T-LIGHT HOLDER,12,10.2
FOLKART ZINC STAR CHRISTMAS DEC,12,10.2
LILAC GAUZE BUTTERFLY LAMPSHADE,24,10.08
ZINC STAR T-LIGHT HOLDER ,8,10.0
CRACKED GLAZE EARRINGS IVORY,4,9.99
SET 10 CARDS FILIGREE BAUBLE 16961,4,9.96
SET 10 CARDS PRINTED GRAPHIC 17219,4,9.96
SET 10 CARD PERFECT NATIVITY 17089,4,9.96
SET 10 CARDS POINSETTIA 17093,4,9.96
SET/4 2 TONE EGG SHAPE MIXING BOWLS,1,9.95
S/2 BEACH HUT TREASURE CHESTS,3,9.95
BOXED GLASS ASHTRAY,4,9.94
PURPLE/BLUE CERAMIC CANDLE HOLDER,4,9.879999999999999
LILAC FEATHERS CURTAIN,12,9.48
HAND PAINTED HANGING EASTER EGG,22,9.24
ENAMEL BLUE RIM TEA CONTAINER,8,9.18
BLACK GLASS/SHELL/PEARL NECKLACE,1,9.15
ORANGE FLOWER MUG ,10,9.06
VINTAGE NOTEBOOK BEAUTY GIRL,3,8.850000000000001
FOLDING SHOE TIDY,3,8.850000000000001
RED ROSE AND LACE C/COVER,3,8.850000000000001
BLACK DIAMOND CLUSTER EARRINGS,3,8.82
GLASS BEAD HOOP EARRINGS MONTANA,3,8.76
AMBER CRYSTAL DROP EARRINGS,3,8.76
PURPLE CRYSTAL DROP EARRINGS,3,8.76
RED PURSE WITH PINK HEART,7,8.75
RED STONE/CRYSTAL EARRINGS,3,8.7
CUTE BIRD CEATURE SCREEN,22,8.58
BEADED LOVE HEART JEWELLERY SET,10,8.5
WHITE FRANGIPANI HAIR CLIP,10,8.5
M/COLOUR POM-POM CURTAIN,2,8.5
COUNTRY COTTAGE  DOORSTOP GREEN,1,8.47
OCEAN SCENT CANDLE JEWELLED DRAWER,1,8.47
HEART SHAPED MIRROR,5,8.45
OPULENT VELVET SET/3 CANDLES,2,8.42
Dr. Jam's Arouzer Stress Ball,2,8.34
SET 10 MINICARDS CUTE SNOWMAN 17071,5,8.299999999999999
PSYCHEDELIC METAL SIGN CALENDAR,10,7.9
MAXWELL 2 TONE BLUE 60 PAGE PHOTO A,7,7.85
PINK FLUFFY CHRISTMAS DECORATION,26,7.82
HANGING BUTTERFLY  EGG,9,7.6499999999999995
FRESHWATER PEARL BRACELET GOLD,3,7.6499999999999995
SILICON STAR BULB  BLUE,18,7.56
BAROQUE BUTTERFLY EARRINGS BLACK,2,7.5
"RUBY GLASS NECKLACE 42""",1,7.5
BLACK PHOTO ALBUM ,15,7.5
PINK CHERRY BLOSSOM CUP & SAUCER,6,7.5
EIGHT PIECE CREEPY CRAWLIE SET,6,7.5
SET 10 CARDS WORLD CHILDREN 17067,3,7.470000000000001
BLUE STRIPES SHOULDER BAG,9,7.469999999999999
PINK LEAVES AND BEADS PHONE CHARM,3,7.43
A4 WALL TIDY RED FLOWERS,13,7.37
JARDIN ETCHED GLASS BUTTER DISH,1,7.25
ARMY CAMO BOOKCOVER TAPE,17,7.14
"LETTER ""O"" BLING KEY RING",16,6.819999999999999
"LETTER ""W"" BLING KEY RING",16,6.819999999999999
RASTA IN BATH W SPLIFF ASHTRAY,8,6.8
PURPLE ANEMONE ARTIFICIAL FLOWER,4,6.76
SPOTS ON RED BOOKCOVER TAPE,16,6.72
4 GOLD FLOCK CHRISTMAS BALLS,2,6.72
ELEPHANT CLIP W SUCTION CUP,16,6.72
WHITE DOVE HONEYCOMB PAPER GARLAND,2,6.72
SET 10 MINI SANTA & SNOWMAN  17087,4,6.64
BLUE/YELLOW CERAMIC CANDLE HOLDER,4,6.6
LARGE BLACK DIAMANTE HAIRSLIDE,4,6.6
AMBER BERTIE MOBILE PHONE CHARM,2,6.58
ASSORTED COLOUR SILK GLASSES CASE,3,6.300000000000001
PINK GAUZE BUTTERFLY LAMPSHADE,15,6.3
"POCKET MIRROR ""GLAMOROUS""",5,6.25
TURQUOISE CHRISTMAS TREE ,5,6.25
BLING KEY RING STAND,6,6.25
SET 10 CARDS CHRISTMAS ROBIN 17095,3,6.24
BLUE/NAT SHELL NECKLACE W PENDANT,1,5.95
FIRE POLISHED GLASS NECKL GOLD,1,5.95
BLACK FLOWER CANDLE PLATE,7,5.949999999999999
WHITE CHRISTMAS TREE 60CM,2,5.9
ST GEORGE SET OF 10 PARTY LIGHTS,2,5.9
GOLD M.O.P. ORBIT NECKLACE,2,5.9
HEN HOUSE WITH CHICK STANDING,14,5.88
SET 10 CARDS ROBIN WATERPUMP  17096,2,5.82
SET 10 CARDS SWIRLY XMAS TREE 17104,2,5.82
SET 10 CARD CHRISTMAS STAMPS 16963,2,5.82
GREEN CRYSTAL DROP EARRINGS,2,5.8
BROWN VINTAGE VICTORIAN EARRINGS,2,5.8
SET 10 CARDS HANGING BAUBLES 17080,2,5.48
SET OF 3 PINK FLYING DUCKS,1,5.45
MUMMY MOUSE RED GINGHAM RIBBON,1,5.45
ROUND ARTICULATED PINK CLOCK W/SUCK,28,5.32
POLYESTER FILLER PAD 60x40cm,2,5.1
NEW ENGLAND MUG W GIFT BOX,2,5.1
GREEN PENDANT SHELL NECKLACE,1,5.09
PINK ALLIUM  ARTIFICIAL FLOWER,3,5.07
ROBIN CHRISTMAS CARD,10,5.02
ORANGE/FUSCHIA STONES NECKLACE,1,4.98
SET 10 CARDS DECK THE HALLS 16960,2,4.98
PURPLE LEAVES AND BEADS PHONE CHAR,2,4.97
GREEN LEAVES AND BEADS PHONE CHARM,2,4.97
BLOSSOM IMAGES SCRAP BOOK SET,1,4.95
VINTAGE BEAD PINK JEWEL STAND,1,4.95
LILY BROOCH WHITE/SILVER COLOUR,1,4.95
PINK BEADS+HAND PHONE CHARM,2,4.92
LARGE HEART FLOWERS HOOK   ,2,4.92
BLUE NEW BAROQUE FLOCK CANDLESTICK,1,4.65
FLOWER PURPLE CLOCK WITH SUCKER,16,4.64
METAL BASE FOR CANDLES,11,4.62
"SILICON CUBE 25W, BLUE",11,4.62
PINK ACRYLIC JEWEL SNOWFLAKE,12,4.5600000000000005
3 BLACK CATS W HEARTS BLANK CARD,24,4.5600000000000005
CUTE RABBIT CEATURE SCREEN ,11,4.29
FRYING PAN RED POLKADOT ,1,4.25
CAKE STAND LACE WHITE,1,4.25
BLUE PADDED SOFT MOBILE,1,4.25
UBO-LIGHT TRIOBASE PURPLE,5,4.25
FLOWER PURPLE CLOCK W/SUCKER,5,4.25
LIGHT DECORATION BATTERY OPERATED,2,4.2
GOLD COSMETIC BAG PINK STAR,2,4.2
"MUG , DOTCOMGIFTSHOP.COM ",5,4.17
 I LOVE LONDON MINI RUCKSACK,1,4.15
ASSTD RASTA KEY-CHAINS,9,3.7800000000000002
BLUE CRUSOE CHECK LAMPSHADE,9,3.78
BLUE LEAVES AND BEADS PHONE CHARM,2,3.76
ROBOT MUG IN DISPLAY BOX,3,3.75
BAROQUE BUTTERFLY EARRINGS RED,1,3.73
BAROQUE BUTTERFLY EARRINGS MONTANA,1,3.73
GOLD PRINT PAPER BAG,19,3.6100000000000003
FOLDING CAMPING SCISSOR W/KNIF & S,30,3.5999999999999996
ASSTD DESIGN BUBBLE GUM RING,17,3.5700000000000003
PASTEL PINK PHOTO ALBUM ,7,3.5
"LETTER ""U"" BLING KEY RING",12,3.4799999999999995
UBO-LIGHT TRIOBASE BLUE,4,3.4
WHITE ANEMONE ARTIFICIAL FLOWER,2,3.38
WATERING CAN SINGLE HOOK PISTACHIO,1,3.36
KEEP OUT GIRLS DOOR HANGER ,1,3.36
GARDENERS KNEELING PAD,1,3.36
PINK BERTIE MOBILE PHONE CHARM,1,3.36
SET 10 CARDS CHRISTMAS BAUBLE 16954,1,3.33
BLUE DROP EARRINGS W BEAD CLUSTER,1,3.32
HEARTS WRAPPING TAPE ,5,3.25
WINE BOTTLE DRESSING LT.BLUE,14,3.0399999999999996
SET 10 CARDS SNOWY ROBIN 17099,1,2.91
SET 10 CARDS TRIANGLE ICONS  17220,1,2.91
SET 10 CARDS 3 WISE MEN 17107,1,2.91
NECKLACE+BRACELET SET PINK DAISY,1,2.55
INCENSE BAZAAR PEACH,6,2.52
PINK FEATHER CHRISTMAS DECORATION,1,2.51
PURPLE/TURQ FLOWERS HANDBAG,2,2.5
TINY CRYSTAL BRACELET RED,1,2.48
HAPPY BIRTHDAY CARD STRIPEY TEDDY,13,2.47
BIG POLKADOT MUG,6,2.34
GREEN POP ART MAO CUSHION COVER ,12,2.2800000000000002
DOLPHIN WINDMILL,1,2.12
SET/6 IVORY BIRD T-LIGHT CANDLES,1,2.1
GOLD COSMETICS BAG WITH BUTTERFLY,1,2.1
TEA TIME BREAKFAST BASKET,1,2.1
SCALLOP SHELL SOAP DISH,1,2.1
PINK DOLLY HAIR CLIPS,2,2.1
3 BIRDS CANVAS SCREEN,2,2.04
SET OF THREE VINTAGE GIFT WRAPS,1,1.95
EASTER CRAFT IVY WREATH WITH CHICK,1,1.95
PINK POLKADOT KIDS BAG,1,1.95
BLUE CRYSTAL BOOT PHONE CHARM,1,1.66
CROCHET LILAC/RED BEAR KEYRING,1,1.65
FLOWER SHOP DESIGN MUG,1,1.65
CHAMPAGNE TRAY BLANK CARD,8,1.52
FUNKY MONKEY MUG,1,1.25
DUSTY PINK CHRISTMAS TREE 30CM,1,1.25
BLACKCHRISTMAS TREE 30CM,1,1.25
ETCHED GLASS STAR TREE DECORATION,1,1.25
SET 36 COLOURING PENCILS DOILEY,1,1.25
WIRE FLOWER T-LIGHT HOLDER,1,1.25
PACK 4 FLOWER/BUTTERFLY PATCHES,1,1.25
ORANGE FELT VASE + FLOWERS,1,1.25
60 GOLD AND SILVER FAIRY CAKE CASES,2,1.1
CAT WITH SUNGLASSES BLANK CARD,5,0.95
HAPPY BIRTHDAY CARD TEDDY/CAKE,5,0.95
PINK CRYSTAL GUITAR PHONE CHARM,1,0.85
VINTAGE BLUE TINSEL REEL,2,0.84
SET 12 COLOURING PENCILS DOILEY,1,0.65
HEN HOUSE W CHICK IN NEST,1,0.42
PADS TO MATCH ALL CUSHIONS,3,0.003
